{
  "experiment_id": "03c6e3ab",
  "timestamp": "2025-08-12T01:00:10.885115",
  "parameters": {
    "num_assets": 5,
    "num_portfolios": 100,
    "ansatz_reps": 3,
    "risk_aversion": 0.2,
    "random_seed": 123
  },
  "tickers": [
    "V",
    "C",
    "BAC",
    "ADBE",
    "PEP"
  ],
  "quantum": {
    "return": 0.33021190019193863,
    "risk": 1.223486486246203,
    "sharpe_ratio": 0.2617208312405522,
    "var": -1.6822442842362406,
    "cvar": -2.193489344800364,
    "max_drawdown": 3.058716215615507,
    "optimal_value": null,
    "optimiser_evals": 0,
    "optimiser_time": 1.7435898780822754,
    "circuit_metrics": {
      "depth": 16,
      "num_parameters": 20,
      "gate_counts": {
        "ry": 20,
        "cz": 12,
        "barrier": 6
      }
    },
    "state_metrics": {
      "max_prob_state": 0.8810903529102312,
      "entropy": 0.4980011459231175,
      "num_significant_states": 3
    },
    "weights": [
      0.044145873320537425,
      0.5585412667946257,
      0.3646833013435701,
      0.013435700575815739,
      0.019193857965451054
    ]
  },
  "classical": {
    "monte_carlo": {
      "return": 0.3995543184943076,
      "risk": 1.5048613669190951,
      "sharpe_ratio": 0.25886392398513275,
      "var": -2.0757223589417158,
      "cvar": -2.7045424965728437,
      "max_drawdown": 3.762153417297738
    },
    "mean_variance": {
      "return": 0.1712963791709375,
      "risk": 0.2248874321837017,
      "sharpe_ratio": 0.7172316283071828,
      "var": -0.19861052931222742,
      "cvar": -0.2925818074418419,
      "max_drawdown": 0.5622185804592542
    }
  },
  "data_stats": {
    "mean_returns": [
      0.0007,
      0.002,
      0.0004,
      0.0008,
      0.0003
    ],
    "return_stds": [
      0.022,
      0.1343,
      0.0305,
      0.0215,
      0.0116
    ],
    "cov_matrix": [
      [
        0.00048399999999999995,
        -0.00025771871216156294,
        -8.65530677463559e-05,
        4.105311380623812e-05,
        2.7092281713471843e-05
      ],
      [
        -0.00025771871216156294,
        0.018036490000000002,
        0.0005085936877816589,
        -0.000291554230188307,
        0.00011289145278066298
      ],
      [
        -8.65530677463559e-05,
        0.0005085936877816589,
        0.00093025,
        -0.00015046911906136718,
        1.3002105441479814e-05
      ],
      [
        4.105311380623812e-05,
        -0.000291554230188307,
        -0.00015046911906136718,
        0.00046224999999999993,
        1.0688119135484266e-05
      ],
      [
        2.7092281713471843e-05,
        0.00011289145278066298,
        1.3002105441479814e-05,
        1.0688119135484266e-05,
        0.00013455999999999999
      ]
    ]
  }
}