{
  "experiment_id": "045e4593",
  "timestamp": "2025-08-11T23:01:33.689311",
  "parameters": {
    "num_assets": 3,
    "num_portfolios": 250,
    "ansatz_reps": 3,
    "risk_aversion": 0.2,
    "random_seed": 45
  },
  "tickers": [
    "V",
    "C",
    "BAC"
  ],
  "quantum": {
    "return": 0.39480000000000004,
    "risk": 1.4130084991332965,
    "sharpe_ratio": 0.2723267413012919,
    "var": -1.9293921547126587,
    "cvar": -2.519830728279098,
    "max_drawdown": 3.532521247833241,
    "optimal_value": null,
    "optimiser_evals": 0,
    "optimiser_time": 3.9353158473968506,
    "circuit_metrics": {
      "depth": 10,
      "num_parameters": 12,
      "gate_counts": {
        "ry": 12,
        "barrier": 6,
        "cz": 6
      }
    },
    "state_metrics": {
      "max_prob_state": 0.9991410421149339,
      "entropy": 0.007902765973831882,
      "num_significant_states": 1
    },
    "weights": [
      0.3333333333333333,
      0.6666666666666666,
      0.0
    ]
  },
  "classical": {
    "monte_carlo": {
      "return": 0.4662448107303109,
      "risk": 1.8890970355825993,
      "sharpe_ratio": 0.24151475659354074,
      "var": -2.6410432999110016,
      "cvar": -3.4304198391902307,
      "max_drawdown": 4.722742588956498
    },
    "mean_variance": {
      "return": 0.1797708918707071,
      "risk": 0.3014250598155028,
      "sharpe_ratio": 0.5632275298365073,
      "var": -0.3160292110208871,
      "cvar": -0.441982439514423,
      "max_drawdown": 0.7535626495387571
    }
  },
  "data_stats": {
    "mean_returns": [
      0.0007,
      0.002,
      0.0004
    ],
    "return_stds": [
      0.022,
      0.1343,
      0.0305
    ],
    "cov_matrix": [
      [
        0.00048399999999999995,
        -0.00033076661943811514,
        -0.00013487717933397827
      ],
      [
        -0.00033076661943811514,
        0.018036490000000002,
        -0.0004471368588473331
      ],
      [
        -0.00013487717933397827,
        -0.0004471368588473331,
        0.00093025
      ]
    ]
  }
}