{
  "experiment_id": "07773a31",
  "timestamp": "2025-08-12T02:49:12.672018",
  "parameters": {
    "num_assets": 6,
    "num_portfolios": 500,
    "ansatz_reps": 3,
    "risk_aversion": 0.5,
    "random_seed": 123
  },
  "tickers": [
    "V",
    "C",
    "BAC",
    "ADBE",
    "PEP",
    "INTC"
  ],
  "quantum": {
    "return": 0.40742649350649357,
    "risk": 1.605181067194302,
    "sharpe_ratio": 0.2475898212537205,
    "var": -2.232861406781889,
    "cvar": -2.9036010521636335,
    "max_drawdown": 4.012952667985755,
    "optimal_value": null,
    "optimiser_evals": 0,
    "optimiser_time": 1.0110599994659424,
    "circuit_metrics": {
      "depth": 19,
      "num_parameters": 24,
      "gate_counts": {
        "ry": 24,
        "cz": 15,
        "barrier": 6
      }
    },
    "state_metrics": {
      "max_prob_state": 0.7092221701507826,
      "entropy": 0.7685846551674689,
      "num_significant_states": 2
    },
    "weights": [
      0.0022263450834879408,
      0.7580705009276438,
      0.20816326530612245,
      0.01150278293135436,
      0.014100185528756958,
      0.005936920222634508
    ]
  },
  "classical": {
    "monte_carlo": {
      "return": 0.3697478856007133,
      "risk": 1.3613133073436376,
      "sharpe_ratio": 0.2642653117838815,
      "var": -1.869413245400773,
      "cvar": -2.438250508487303,
      "max_drawdown": 3.403283268359094
    },
    "mean_variance": {
      "return": 0.16509422716589867,
      "risk": 0.2179288518301033,
      "sharpe_ratio": 0.7116736763556653,
      "var": -0.19336683518421666,
      "cvar": -0.28443040662944385,
      "max_drawdown": 0.5448221295752582
    }
  },
  "data_stats": {
    "mean_returns": [
      0.0007,
      0.002,
      0.0004,
      0.0008,
      0.0003,
      0.0004
    ],
    "return_stds": [
      0.022,
      0.1343,
      0.0305,
      0.0215,
      0.0116,
      0.0202
    ],
    "cov_matrix": [
      [
        0.00048399999999999995,
        0.00023657795387747283,
        -6.735020954351752e-05,
        1.175870568101913e-05,
        3.383280969635887e-05,
        -6.463201614272943e-05
      ],
      [
        0.00023657795387747283,
        0.018036490000000002,
        -0.0005645193526612653,
        -6.588141171823623e-05,
        -0.00015603557984558827,
        0.00013245610574677685
      ],
      [
        -6.735020954351752e-05,
        -0.0005645193526612653,
        0.00093025,
        7.325967476364335e-05,
        -4.837007982191309e-05,
        -7.276488736504089e-05
      ],
      [
        1.175870568101913e-05,
        -6.588141171823623e-05,
        7.325967476364335e-05,
        0.00046224999999999993,
        -3.5375976595638113e-06,
        1.3642484579040666e-05
      ],
      [
        3.383280969635887e-05,
        -0.00015603557984558827,
        -4.837007982191309e-05,
        -3.5375976595638113e-06,
        0.00013455999999999999,
        3.993263689110595e-06
      ],
      [
        -6.463201614272943e-05,
        0.00013245610574677685,
        -7.276488736504089e-05,
        1.3642484579040666e-05,
        3.993263689110595e-06,
        0.00040804
      ]
    ]
  }
}