{
  "experiment_id": "0792253b",
  "timestamp": "2025-08-12T02:03:40.304605",
  "parameters": {
    "num_assets": 5,
    "num_portfolios": 500,
    "ansatz_reps": 1,
    "risk_aversion": 0.8,
    "random_seed": 123
  },
  "tickers": [
    "V",
    "C",
    "BAC",
    "ADBE",
    "PEP"
  ],
  "quantum": {
    "return": 0.49560800953516093,
    "risk": 2.080306790970977,
    "sharpe_ratio": 0.23343095914641745,
    "var": -2.926192160765228,
    "cvar": -3.795467451745349,
    "max_drawdown": 5.200766977427442,
    "optimal_value": null,
    "optimiser_evals": 0,
    "optimiser_time": 1.5480167865753174,
    "circuit_metrics": {
      "depth": 6,
      "num_parameters": 10,
      "gate_counts": {
        "ry": 10,
        "cz": 4,
        "barrier": 2
      }
    },
    "state_metrics": {
      "max_prob_state": 0.9819863957767352,
      "entropy": 0.11378259502522187,
      "num_significant_states": 2
    },
    "weights": [
      0.012395709177592373,
      0.9759237187127533,
      0.0028605482717520858,
      0.004767580452920143,
      0.004052443384982122
    ]
  },
  "classical": {
    "monte_carlo": {
      "return": 0.3944285664204335,
      "risk": 1.5514661044672675,
      "sharpe_ratio": 0.24778405748827886,
      "var": -2.1575060826048227,
      "cvar": -2.8058004376778554,
      "max_drawdown": 3.8786652611681687
    },
    "mean_variance": {
      "return": 0.1712963791709375,
      "risk": 0.2248874321837017,
      "sharpe_ratio": 0.7172316283071828,
      "var": -0.19861052931222742,
      "cvar": -0.2925818074418419,
      "max_drawdown": 0.5622185804592542
    }
  },
  "data_stats": {
    "mean_returns": [
      0.0007,
      0.002,
      0.0004,
      0.0008,
      0.0003
    ],
    "return_stds": [
      0.022,
      0.1343,
      0.0305,
      0.0215,
      0.0116
    ],
    "cov_matrix": [
      [
        0.00048399999999999995,
        -0.00025771871216156294,
        -8.65530677463559e-05,
        4.105311380623812e-05,
        2.7092281713471843e-05
      ],
      [
        -0.00025771871216156294,
        0.018036490000000002,
        0.0005085936877816589,
        -0.000291554230188307,
        0.00011289145278066298
      ],
      [
        -8.65530677463559e-05,
        0.0005085936877816589,
        0.00093025,
        -0.00015046911906136718,
        1.3002105441479814e-05
      ],
      [
        4.105311380623812e-05,
        -0.000291554230188307,
        -0.00015046911906136718,
        0.00046224999999999993,
        1.0688119135484266e-05
      ],
      [
        2.7092281713471843e-05,
        0.00011289145278066298,
        1.3002105441479814e-05,
        1.0688119135484266e-05,
        0.00013455999999999999
      ]
    ]
  }
}