{
  "experiment_id": "07e5b910",
  "timestamp": "2025-08-12T00:51:46.191278",
  "parameters": {
    "num_assets": 4,
    "num_portfolios": 500,
    "ansatz_reps": 2,
    "risk_aversion": 0.5,
    "random_seed": 45
  },
  "tickers": [
    "V",
    "C",
    "BAC",
    "ADBE"
  ],
  "quantum": {
    "return": 0.4259435210712879,
    "risk": 1.7122444401444061,
    "sharpe_ratio": 0.24292297952283515,
    "var": -2.390447956527731,
    "cvar": -3.105925015197963,
    "max_drawdown": 4.280611100361015,
    "optimal_value": null,
    "optimiser_evals": 0,
    "optimiser_time": 1.043882131576538,
    "circuit_metrics": {
      "depth": 9,
      "num_parameters": 12,
      "gate_counts": {
        "ry": 12,
        "cz": 6,
        "barrier": 4
      }
    },
    "state_metrics": {
      "max_prob_state": 0.7546368979971637,
      "entropy": 0.5648710862241488,
      "num_significant_states": 2
    },
    "weights": [
      0.00019692792437967703,
      0.8062229224103978,
      0.1929893658920835,
      0.0005907837731390311
    ]
  },
  "classical": {
    "monte_carlo": {
      "return": 0.4129514079559455,
      "risk": 1.5836046241047657,
      "sharpe_ratio": 0.25445202787516463,
      "var": -2.191846401659901,
      "cvar": -2.8535701322129396,
      "max_drawdown": 3.959011560261914
    },
    "mean_variance": {
      "return": 0.19352250729979265,
      "risk": 0.2621702287039973,
      "sharpe_ratio": 0.7000127673039425,
      "var": -0.23770914426267425,
      "cvar": -0.347259381195094,
      "max_drawdown": 0.6554255717599933
    }
  },
  "data_stats": {
    "mean_returns": [
      0.0007,
      0.002,
      0.0004,
      0.0008
    ],
    "return_stds": [
      0.022,
      0.1343,
      0.0305,
      0.0215
    ],
    "cov_matrix": [
      [
        0.00048399999999999995,
        -5.305673179885455e-06,
        -0.00012130377989190961,
        9.65079649376644e-06
      ],
      [
        -5.305673179885455e-06,
        0.018036490000000002,
        -0.00039825184946319815,
        -0.000317323366062759
      ],
      [
        -0.00012130377989190961,
        -0.00039825184946319815,
        0.00093025,
        5.2800381068237304e-05
      ],
      [
        9.65079649376644e-06,
        -0.000317323366062759,
        5.2800381068237304e-05,
        0.00046224999999999993
      ]
    ]
  }
}