{
  "experiment_id": "07eeb588",
  "timestamp": "2025-08-12T02:45:19.879976",
  "parameters": {
    "num_assets": 6,
    "num_portfolios": 500,
    "ansatz_reps": 3,
    "risk_aversion": 0.5,
    "random_seed": 45
  },
  "tickers": [
    "V",
    "C",
    "BAC",
    "ADBE",
    "PEP",
    "INTC"
  ],
  "quantum": {
    "return": 0.3045054343807763,
    "risk": 1.0712746722019362,
    "sharpe_ratio": 0.2749112268055767,
    "var": -1.4575845956518276,
    "cvar": -1.9052265523284782,
    "max_drawdown": 2.67818668050484,
    "optimal_value": null,
    "optimiser_evals": 0,
    "optimiser_time": 1.0395331382751465,
    "circuit_metrics": {
      "depth": 19,
      "num_parameters": 24,
      "gate_counts": {
        "ry": 24,
        "cz": 15,
        "barrier": 6
      }
    },
    "state_metrics": {
      "max_prob_state": 0.9359818030918932,
      "entropy": 0.32025132904372033,
      "num_significant_states": 2
    },
    "weights": [
      0.00024645717806531114,
      0.5042513863216266,
      0.48231669747381395,
      0.004189772027110289,
      0.001971657424522489,
      0.007024029574861368
    ]
  },
  "classical": {
    "monte_carlo": {
      "return": 0.314341334823958,
      "risk": 1.0853283993905012,
      "sharpe_ratio": 0.2804140525530061,
      "var": -1.4708650193469435,
      "cvar": -1.924379454950365,
      "max_drawdown": 2.713320998476253
    },
    "mean_variance": {
      "return": 0.16682649180467507,
      "risk": 0.21287155835964952,
      "sharpe_ratio": 0.7367188600165856,
      "var": -0.1833160630380064,
      "cvar": -0.27226639797783875,
      "max_drawdown": 0.5321788958991238
    }
  },
  "data_stats": {
    "mean_returns": [
      0.0007,
      0.002,
      0.0004,
      0.0008,
      0.0003,
      0.0004
    ],
    "return_stds": [
      0.022,
      0.1343,
      0.0305,
      0.0215,
      0.0116,
      0.0202
    ],
    "cov_matrix": [
      [
        0.00048399999999999995,
        -0.00035626561385591676,
        5.4787617025299306e-05,
        -6.842127745625751e-05,
        -2.39458509053133e-05,
        2.388820485573935e-05
      ],
      [
        -0.00035626561385591676,
        0.018036490000000002,
        -0.0005083713825070588,
        -7.182905254925815e-05,
        0.00011411372831880138,
        -0.0001947823622605642
      ],
      [
        5.4787617025299306e-05,
        -0.0005083713825070588,
        0.00093025,
        -4.084662345098223e-05,
        8.436821754266292e-05,
        5.065675043029806e-05
      ],
      [
        -6.842127745625751e-05,
        -7.182905254925815e-05,
        -4.084662345098223e-05,
        0.00046224999999999993,
        -5.226210111562324e-05,
        -1.4938420438104013e-05
      ],
      [
        -2.39458509053133e-05,
        0.00011411372831880138,
        8.436821754266292e-05,
        -5.226210111562324e-05,
        0.00013455999999999999,
        4.339058028508684e-06
      ],
      [
        2.388820485573935e-05,
        -0.0001947823622605642,
        5.065675043029806e-05,
        -1.4938420438104013e-05,
        4.339058028508684e-06,
        0.00040804
      ]
    ]
  }
}