{
  "experiment_id": "0a1bb3e9",
  "timestamp": "2025-08-11T23:18:47.000999",
  "parameters": {
    "num_assets": 4,
    "num_portfolios": 250,
    "ansatz_reps": 2,
    "risk_aversion": 0.5,
    "random_seed": 256
  },
  "tickers": [
    "V",
    "C",
    "BAC",
    "ADBE"
  ],
  "quantum": {
    "return": 0.305153414452446,
    "risk": 1.0883743354414688,
    "sharpe_ratio": 0.2711874075317342,
    "var": -1.485063058679352,
    "cvar": -1.9398502666250566,
    "max_drawdown": 2.7209358386036717,
    "optimal_value": null,
    "optimiser_evals": 0,
    "optimiser_time": 1.6541309356689453,
    "circuit_metrics": {
      "depth": 9,
      "num_parameters": 12,
      "gate_counts": {
        "ry": 12,
        "cz": 6,
        "barrier": 4
      }
    },
    "state_metrics": {
      "max_prob_state": 0.9621756868985655,
      "entropy": 0.18977657087333608,
      "num_significant_states": 2
    },
    "weights": [
      0.0,
      0.5063322572634715,
      0.49168115222249814,
      0.0019865905140302956
    ]
  },
  "classical": {
    "monte_carlo": {
      "return": 0.4005618376336373,
      "risk": 1.5138061828474916,
      "sharpe_ratio": 0.2579998959305244,
      "var": -2.0894277527246223,
      "cvar": -2.721985563809814,
      "max_drawdown": 3.784515457118729
    },
    "mean_variance": {
      "return": 0.19544389731352213,
      "risk": 0.2698717340271384,
      "sharpe_ratio": 0.6871556889128442,
      "var": -0.24845560321269938,
      "cvar": -0.3612239848484941,
      "max_drawdown": 0.6746793350678459
    }
  },
  "data_stats": {
    "mean_returns": [
      0.0007,
      0.002,
      0.0004,
      0.0008
    ],
    "return_stds": [
      0.022,
      0.1343,
      0.0305,
      0.0215
    ],
    "cov_matrix": [
      [
        0.00048399999999999995,
        -0.0003438153823438453,
        1.730569736639311e-06,
        -5.2696175880535984e-05
      ],
      [
        -0.0003438153823438453,
        0.018036490000000002,
        -0.0002969418465267215,
        -0.0003672704584956916
      ],
      [
        1.730569736639311e-06,
        -0.0002969418465267215,
        0.00093025,
        0.0001386339809204383
      ],
      [
        -5.2696175880535984e-05,
        -0.0003672704584956916,
        0.0001386339809204383,
        0.00046224999999999993
      ]
    ]
  }
}