{
  "experiment_id": "0d295e37",
  "timestamp": "2025-08-12T01:28:19.735487",
  "parameters": {
    "num_assets": 5,
    "num_portfolios": 250,
    "ansatz_reps": 3,
    "risk_aversion": 0.5,
    "random_seed": 45
  },
  "tickers": [
    "V",
    "C",
    "BAC",
    "ADBE",
    "PEP"
  ],
  "quantum": {
    "return": 0.48296798336798336,
    "risk": 2.0120562010489413,
    "sharpe_ratio": 0.235066984272811,
    "var": -2.826569956557568,
    "cvar": -3.667326111960407,
    "max_drawdown": 5.030140502622354,
    "optimal_value": null,
    "optimiser_evals": 0,
    "optimiser_time": 1.7804110050201416,
    "circuit_metrics": {
      "depth": 16,
      "num_parameters": 20,
      "gate_counts": {
        "ry": 20,
        "cz": 12,
        "barrier": 6
      }
    },
    "state_metrics": {
      "max_prob_state": 0.9595420571133808,
      "entropy": 0.22775918786892346,
      "num_significant_states": 2
    },
    "weights": [
      0.001386001386001386,
      0.9440979440979441,
      0.029337029337029336,
      0.01617001617001617,
      0.009009009009009009
    ]
  },
  "classical": {
    "monte_carlo": {
      "return": 0.29701243075382394,
      "risk": 0.9282686005056084,
      "sharpe_ratio": 0.30919114424154204,
      "var": -1.2298535435729931,
      "cvar": -1.61773910031609,
      "max_drawdown": 2.3206715012640213
    },
    "mean_variance": {
      "return": 0.1719228189229482,
      "risk": 0.23120842238160824,
      "sharpe_ratio": 0.7003327009242573,
      "var": -0.208381193213168,
      "cvar": -0.304993755127182,
      "max_drawdown": 0.5780210559540206
    }
  },
  "data_stats": {
    "mean_returns": [
      0.0007,
      0.002,
      0.0004,
      0.0008,
      0.0003
    ],
    "return_stds": [
      0.022,
      0.1343,
      0.0305,
      0.0215,
      0.0116
    ],
    "cov_matrix": [
      [
        0.00048399999999999995,
        1.9812983212494825e-05,
        2.7704788265853345e-05,
        -9.082213396659272e-05,
        -3.5088075777496195e-06
      ],
      [
        1.9812983212494825e-05,
        0.018036490000000002,
        -0.00022926945880017894,
        7.965379685163005e-05,
        -0.00012158353950172939
      ],
      [
        2.7704788265853345e-05,
        -0.00022926945880017894,
        0.00093025,
        2.82140531089135e-05,
        -1.6425242173370383e-05
      ],
      [
        -9.082213396659272e-05,
        7.965379685163005e-05,
        2.82140531089135e-05,
        0.00046224999999999993,
        -1.7340309767550264e-05
      ],
      [
        -3.5088075777496195e-06,
        -0.00012158353950172939,
        -1.6425242173370383e-05,
        -1.7340309767550264e-05,
        0.00013455999999999999
      ]
    ]
  }
}