{
  "experiment_id": "13a331f0",
  "timestamp": "2025-08-12T00:57:44.388466",
  "parameters": {
    "num_assets": 3,
    "num_portfolios": 500,
    "ansatz_reps": 2,
    "risk_aversion": 0.8,
    "random_seed": 123
  },
  "tickers": [
    "V",
    "C",
    "BAC"
  ],
  "quantum": {
    "return": 0.47577239839213936,
    "risk": 1.947945809164629,
    "sharpe_ratio": 0.23910952563505067,
    "var": -2.7283133309172203,
    "cvar": -3.542280370502159,
    "max_drawdown": 4.8698645229115725,
    "optimal_value": null,
    "optimiser_evals": 0,
    "optimiser_time": 0.7248070240020752,
    "circuit_metrics": {
      "depth": 7,
      "num_parameters": 9,
      "gate_counts": {
        "ry": 9,
        "barrier": 4,
        "cz": 4
      }
    },
    "state_metrics": {
      "max_prob_state": 0.9094880246769711,
      "entropy": 0.31579443738768836,
      "num_significant_states": 2
    },
    "weights": [
      0.08396605627512282,
      0.9142474318892363,
      0.001786511835640911
    ]
  },
  "classical": {
    "monte_carlo": {
      "return": 0.47494042071968656,
      "risk": 1.9567233726366295,
      "sharpe_ratio": 0.2376117274529166,
      "var": -2.74358311570239,
      "cvar": -3.5612179407670173,
      "max_drawdown": 4.891808431591574
    },
    "mean_variance": {
      "return": 0.17571440840111416,
      "risk": 0.3418361726230619,
      "sharpe_ratio": 0.4847772754109472,
      "var": -0.3865560599611386,
      "cvar": -0.5293954429377953,
      "max_drawdown": 0.8545904315576547
    }
  },
  "data_stats": {
    "mean_returns": [
      0.0007,
      0.002,
      0.0004
    ],
    "return_stds": [
      0.022,
      0.1343,
      0.0305
    ],
    "cov_matrix": [
      [
        0.00048399999999999995,
        -0.0001440774312669895,
        4.179303073729718e-05
      ],
      [
        -0.0001440774312669895,
        0.018036490000000002,
        0.00013263685810295953
      ],
      [
        4.179303073729718e-05,
        0.00013263685810295953,
        0.00093025
      ]
    ]
  }
}