{
  "experiment_id": "16db0885",
  "timestamp": "2025-08-11T23:34:45.528635",
  "parameters": {
    "num_assets": 3,
    "num_portfolios": 500,
    "ansatz_reps": 3,
    "risk_aversion": 0.8,
    "random_seed": 123
  },
  "tickers": [
    "V",
    "C",
    "BAC"
  ],
  "quantum": {
    "return": 0.501308084486526,
    "risk": 2.116984795644476,
    "sharpe_ratio": 0.232079174823245,
    "var": -2.980822034830411,
    "cvar": -3.865423566787828,
    "max_drawdown": 5.292461989111191,
    "optimal_value": null,
    "optimiser_evals": 0,
    "optimiser_time": 1.6428561210632324,
    "circuit_metrics": {
      "depth": 10,
      "num_parameters": 12,
      "gate_counts": {
        "ry": 12,
        "barrier": 6,
        "cz": 6
      }
    },
    "state_metrics": {
      "max_prob_state": 0.9916965421642925,
      "entropy": 0.056814740765385,
      "num_significant_states": 1
    },
    "weights": [
      0.0019422189851905803,
      0.9929594561786842,
      0.005098324836125273
    ]
  },
  "classical": {
    "monte_carlo": {
      "return": 0.47494042071968656,
      "risk": 1.9567233726366295,
      "sharpe_ratio": 0.2376117274529166,
      "var": -2.74358311570239,
      "cvar": -3.5612179407670173,
      "max_drawdown": 4.891808431591574
    },
    "mean_variance": {
      "return": 0.17571440840111416,
      "risk": 0.3418361726230619,
      "sharpe_ratio": 0.4847772754109472,
      "var": -0.3865560599611386,
      "cvar": -0.5293954429377953,
      "max_drawdown": 0.8545904315576547
    }
  },
  "data_stats": {
    "mean_returns": [
      0.0007,
      0.002,
      0.0004
    ],
    "return_stds": [
      0.022,
      0.1343,
      0.0305
    ],
    "cov_matrix": [
      [
        0.00048399999999999995,
        -0.0001440774312669895,
        4.179303073729718e-05
      ],
      [
        -0.0001440774312669895,
        0.018036490000000002,
        0.00013263685810295953
      ],
      [
        4.179303073729718e-05,
        0.00013263685810295953,
        0.00093025
      ]
    ]
  }
}