{
  "experiment_id": "170c5afa",
  "timestamp": "2025-08-11T22:04:43.775496",
  "parameters": {
    "num_assets": 3,
    "num_portfolios": 100,
    "ansatz_reps": 1,
    "risk_aversion": 0.8,
    "random_seed": 256
  },
  "tickers": [
    "V",
    "C",
    "BAC"
  ],
  "quantum": {
    "return": 0.4878193187120859,
    "risk": 2.029446005381127,
    "sharpe_ratio": 0.23544322807561074,
    "var": -2.8503223039412373,
    "cvar": -3.6983449487323528,
    "max_drawdown": 5.073615013452818,
    "optimal_value": null,
    "optimiser_evals": 0,
    "optimiser_time": 1.111396312713623,
    "circuit_metrics": {
      "depth": 4,
      "num_parameters": 6,
      "gate_counts": {
        "ry": 6,
        "barrier": 2,
        "cz": 2
      }
    },
    "state_metrics": {
      "max_prob_state": 0.949441966254993,
      "entropy": 0.24019662602588882,
      "num_significant_states": 2
    },
    "weights": [
      0.03733084461035931,
      0.9528698086794214,
      0.00979934671021932
    ]
  },
  "classical": {
    "monte_carlo": {
      "return": 0.4415690031757172,
      "risk": 1.7336683813120057,
      "sharpe_ratio": 0.24893399904375849,
      "var": -2.410061721756423,
      "cvar": -3.134490970927227,
      "max_drawdown": 4.334170953280014
    },
    "mean_variance": {
      "return": 0.18139059455980017,
      "risk": 0.309051515958086,
      "sharpe_ratio": 0.5545696613992483,
      "var": -0.32695391237870836,
      "cvar": -0.4560939255865298,
      "max_drawdown": 0.772628789895215
    }
  },
  "data_stats": {
    "mean_returns": [
      0.0007,
      0.002,
      0.0004
    ],
    "return_stds": [
      0.022,
      0.1343,
      0.0305
    ],
    "cov_matrix": [
      [
        0.00048399999999999995,
        -0.0002921829412602865,
        -8.415312221504905e-05
      ],
      [
        -0.0002921829412602865,
        0.018036490000000002,
        -0.0006687651949791408
      ],
      [
        -8.415312221504905e-05,
        -0.0006687651949791408,
        0.00093025
      ]
    ]
  }
}