{
  "experiment_id": "1d1175fc",
  "timestamp": "2025-08-12T02:09:10.635736",
  "parameters": {
    "num_assets": 6,
    "num_portfolios": 250,
    "ansatz_reps": 1,
    "risk_aversion": 0.5,
    "random_seed": 123
  },
  "tickers": [
    "V",
    "C",
    "BAC",
    "ADBE",
    "PEP",
    "INTC"
  ],
  "quantum": {
    "return": 0.4581103358613218,
    "risk": 1.8845592240889881,
    "sharpe_ratio": 0.23777991698718948,
    "var": -2.641713739086302,
    "cvar": -3.4291941121732936,
    "max_drawdown": 4.7113980602224705,
    "optimal_value": null,
    "optimiser_evals": 0,
    "optimiser_time": 1.8252050876617432,
    "circuit_metrics": {
      "depth": 7,
      "num_parameters": 12,
      "gate_counts": {
        "ry": 12,
        "cz": 5,
        "barrier": 2
      }
    },
    "state_metrics": {
      "max_prob_state": 0.8860037990405955,
      "entropy": 0.480060601889464,
      "num_significant_states": 3
    },
    "weights": [
      0.0030335861321776816,
      0.886240520043337,
      0.07367280606717226,
      0.003683640303358613,
      0.024702058504875408,
      0.00866738894907909
    ]
  },
  "classical": {
    "monte_carlo": {
      "return": 0.3697478856007133,
      "risk": 1.3613133073436376,
      "sharpe_ratio": 0.2642653117838815,
      "var": -1.869413245400773,
      "cvar": -2.438250508487303,
      "max_drawdown": 3.403283268359094
    },
    "mean_variance": {
      "return": 0.16509422716589867,
      "risk": 0.2179288518301033,
      "sharpe_ratio": 0.7116736763556653,
      "var": -0.19336683518421666,
      "cvar": -0.28443040662944385,
      "max_drawdown": 0.5448221295752582
    }
  },
  "data_stats": {
    "mean_returns": [
      0.0007,
      0.002,
      0.0004,
      0.0008,
      0.0003,
      0.0004
    ],
    "return_stds": [
      0.022,
      0.1343,
      0.0305,
      0.0215,
      0.0116,
      0.0202
    ],
    "cov_matrix": [
      [
        0.00048399999999999995,
        0.00023657795387747283,
        -6.735020954351752e-05,
        1.175870568101913e-05,
        3.383280969635887e-05,
        -6.463201614272943e-05
      ],
      [
        0.00023657795387747283,
        0.018036490000000002,
        -0.0005645193526612653,
        -6.588141171823623e-05,
        -0.00015603557984558827,
        0.00013245610574677685
      ],
      [
        -6.735020954351752e-05,
        -0.0005645193526612653,
        0.00093025,
        7.325967476364335e-05,
        -4.837007982191309e-05,
        -7.276488736504089e-05
      ],
      [
        1.175870568101913e-05,
        -6.588141171823623e-05,
        7.325967476364335e-05,
        0.00046224999999999993,
        -3.5375976595638113e-06,
        1.3642484579040666e-05
      ],
      [
        3.383280969635887e-05,
        -0.00015603557984558827,
        -4.837007982191309e-05,
        -3.5375976595638113e-06,
        0.00013455999999999999,
        3.993263689110595e-06
      ],
      [
        -6.463201614272943e-05,
        0.00013245610574677685,
        -7.276488736504089e-05,
        1.3642484579040666e-05,
        3.993263689110595e-06,
        0.00040804
      ]
    ]
  }
}