{
  "experiment_id": "2047aa9e",
  "timestamp": "2025-08-11T22:08:42.060230",
  "parameters": {
    "num_assets": 3,
    "num_portfolios": 250,
    "ansatz_reps": 3,
    "risk_aversion": 0.8,
    "random_seed": 45
  },
  "tickers": [
    "V",
    "C",
    "BAC"
  ],
  "quantum": {
    "return": 0.3896904037755637,
    "risk": 1.515412152257537,
    "sharpe_ratio": 0.2505525663166499,
    "var": -2.1029407711915824,
    "cvar": -2.7361696513384532,
    "max_drawdown": 3.7885303806438424,
    "optimal_value": null,
    "optimiser_evals": 0,
    "optimiser_time": 10.048519849777222,
    "circuit_metrics": {
      "depth": 10,
      "num_parameters": 12,
      "gate_counts": {
        "ry": 12,
        "barrier": 6,
        "cz": 6
      }
    },
    "state_metrics": {
      "max_prob_state": 0.609582120848711,
      "entropy": 0.7390617260462127,
      "num_significant_states": 2
    },
    "weights": [
      0.0075161685020101385,
      0.715084775388918,
      0.27739905610907184
    ]
  },
  "classical": {
    "monte_carlo": {
      "return": 0.4662448107303109,
      "risk": 1.8890970355825993,
      "sharpe_ratio": 0.24151475659354074,
      "var": -2.6410432999110016,
      "cvar": -3.4304198391902307,
      "max_drawdown": 4.722742588956498
    },
    "mean_variance": {
      "return": 0.1797708918707071,
      "risk": 0.3014250598155028,
      "sharpe_ratio": 0.5632275298365073,
      "var": -0.3160292110208871,
      "cvar": -0.441982439514423,
      "max_drawdown": 0.7535626495387571
    }
  },
  "data_stats": {
    "mean_returns": [
      0.0007,
      0.002,
      0.0004
    ],
    "return_stds": [
      0.022,
      0.1343,
      0.0305
    ],
    "cov_matrix": [
      [
        0.00048399999999999995,
        -0.00033076661943811514,
        -0.00013487717933397827
      ],
      [
        -0.00033076661943811514,
        0.018036490000000002,
        -0.0004471368588473331
      ],
      [
        -0.00013487717933397827,
        -0.0004471368588473331,
        0.00093025
      ]
    ]
  }
}