{
  "experiment_id": "25c86f47",
  "timestamp": "2025-08-12T01:58:27.423032",
  "parameters": {
    "num_assets": 6,
    "num_portfolios": 500,
    "ansatz_reps": 1,
    "risk_aversion": 0.5,
    "random_seed": 45
  },
  "tickers": [
    "V",
    "C",
    "BAC",
    "ADBE",
    "PEP",
    "INTC"
  ],
  "quantum": {
    "return": 0.40781547043510596,
    "risk": 1.6111136322081594,
    "sharpe_ratio": 0.24691956078223248,
    "var": -2.242230630933445,
    "cvar": -2.9154492530704754,
    "max_drawdown": 4.027784080520399,
    "optimal_value": null,
    "optimiser_evals": 0,
    "optimiser_time": 2.1348228454589844,
    "circuit_metrics": {
      "depth": 7,
      "num_parameters": 12,
      "gate_counts": {
        "ry": 12,
        "cz": 5,
        "barrier": 2
      }
    },
    "state_metrics": {
      "max_prob_state": 0.6945576927938317,
      "entropy": 0.6658715142161068,
      "num_significant_states": 2
    },
    "weights": [
      0.00167348456675344,
      0.7605057642246188,
      0.2348456675343994,
      0.0026031982149497955,
      0.0003718854592785422,
      0.0
    ]
  },
  "classical": {
    "monte_carlo": {
      "return": 0.314341334823958,
      "risk": 1.0853283993905012,
      "sharpe_ratio": 0.2804140525530061,
      "var": -1.4708650193469435,
      "cvar": -1.924379454950365,
      "max_drawdown": 2.713320998476253
    },
    "mean_variance": {
      "return": 0.16682649180467507,
      "risk": 0.21287155835964952,
      "sharpe_ratio": 0.7367188600165856,
      "var": -0.1833160630380064,
      "cvar": -0.27226639797783875,
      "max_drawdown": 0.5321788958991238
    }
  },
  "data_stats": {
    "mean_returns": [
      0.0007,
      0.002,
      0.0004,
      0.0008,
      0.0003,
      0.0004
    ],
    "return_stds": [
      0.022,
      0.1343,
      0.0305,
      0.0215,
      0.0116,
      0.0202
    ],
    "cov_matrix": [
      [
        0.00048399999999999995,
        -0.00035626561385591676,
        5.4787617025299306e-05,
        -6.842127745625751e-05,
        -2.39458509053133e-05,
        2.388820485573935e-05
      ],
      [
        -0.00035626561385591676,
        0.018036490000000002,
        -0.0005083713825070588,
        -7.182905254925815e-05,
        0.00011411372831880138,
        -0.0001947823622605642
      ],
      [
        5.4787617025299306e-05,
        -0.0005083713825070588,
        0.00093025,
        -4.084662345098223e-05,
        8.436821754266292e-05,
        5.065675043029806e-05
      ],
      [
        -6.842127745625751e-05,
        -7.182905254925815e-05,
        -4.084662345098223e-05,
        0.00046224999999999993,
        -5.226210111562324e-05,
        -1.4938420438104013e-05
      ],
      [
        -2.39458509053133e-05,
        0.00011411372831880138,
        8.436821754266292e-05,
        -5.226210111562324e-05,
        0.00013455999999999999,
        4.339058028508684e-06
      ],
      [
        2.388820485573935e-05,
        -0.0001947823622605642,
        5.065675043029806e-05,
        -1.4938420438104013e-05,
        4.339058028508684e-06,
        0.00040804
      ]
    ]
  }
}