{
  "experiment_id": "274274b7",
  "timestamp": "2025-08-11T22:21:56.473199",
  "parameters": {
    "num_assets": 4,
    "num_portfolios": 100,
    "ansatz_reps": 1,
    "risk_aversion": 0.5,
    "random_seed": 45
  },
  "tickers": [
    "V",
    "C",
    "BAC",
    "ADBE"
  ],
  "quantum": {
    "return": 0.4925421926910299,
    "risk": 2.0685211068493308,
    "sharpe_ratio": 0.23327883437748156,
    "var": -2.9098722523357647,
    "cvar": -3.7742227870065235,
    "max_drawdown": 5.171302767123327,
    "optimal_value": null,
    "optimiser_evals": 0,
    "optimiser_time": 5.054877281188965,
    "circuit_metrics": {
      "depth": 5,
      "num_parameters": 8,
      "gate_counts": {
        "ry": 8,
        "cz": 3,
        "barrier": 2
      }
    },
    "state_metrics": {
      "max_prob_state": 0.9701408240660787,
      "entropy": 0.15252092207497855,
      "num_significant_states": 2
    },
    "weights": [
      0.0028476506881822496,
      0.9708115804461319,
      0.02539155196962506,
      0.0009492168960607499
    ]
  },
  "classical": {
    "monte_carlo": {
      "return": 0.34276225727797405,
      "risk": 1.2338926659121696,
      "sharpe_ratio": 0.2696849300356086,
      "var": -1.6868105695164792,
      "cvar": -2.2024039477885413,
      "max_drawdown": 3.084731664780424
    },
    "mean_variance": {
      "return": 0.19352250729979265,
      "risk": 0.2621702287039973,
      "sharpe_ratio": 0.7000127673039425,
      "var": -0.23770914426267425,
      "cvar": -0.347259381195094,
      "max_drawdown": 0.6554255717599933
    }
  },
  "data_stats": {
    "mean_returns": [
      0.0007,
      0.002,
      0.0004,
      0.0008
    ],
    "return_stds": [
      0.022,
      0.1343,
      0.0305,
      0.0215
    ],
    "cov_matrix": [
      [
        0.00048399999999999995,
        -5.305673179885455e-06,
        -0.00012130377989190961,
        9.65079649376644e-06
      ],
      [
        -5.305673179885455e-06,
        0.018036490000000002,
        -0.00039825184946319815,
        -0.000317323366062759
      ],
      [
        -0.00012130377989190961,
        -0.00039825184946319815,
        0.00093025,
        5.2800381068237304e-05
      ],
      [
        9.65079649376644e-06,
        -0.000317323366062759,
        5.2800381068237304e-05,
        0.00046224999999999993
      ]
    ]
  }
}