{
  "experiment_id": "289cae83",
  "timestamp": "2025-08-11T22:18:05.619641",
  "parameters": {
    "num_assets": 3,
    "num_portfolios": 100,
    "ansatz_reps": 3,
    "risk_aversion": 0.5,
    "random_seed": 256
  },
  "tickers": [
    "V",
    "C",
    "BAC"
  ],
  "quantum": {
    "return": 0.32278030934767993,
    "risk": 1.1578588770131983,
    "sharpe_ratio": 0.2701368150793342,
    "var": -1.5817280640054376,
    "cvar": -2.0655500255536117,
    "max_drawdown": 2.8946471925329957,
    "optimal_value": null,
    "optimiser_evals": 0,
    "optimiser_time": 9.392051935195923,
    "circuit_metrics": {
      "depth": 10,
      "num_parameters": 12,
      "gate_counts": {
        "ry": 12,
        "barrier": 6,
        "cz": 6
      }
    },
    "state_metrics": {
      "max_prob_state": 0.8123294252409076,
      "entropy": 0.4983075141487076,
      "num_significant_states": 2
    },
    "weights": [
      0.000941492938802959,
      0.5503698722259583,
      0.44868863483523874
    ]
  },
  "classical": {
    "monte_carlo": {
      "return": 0.4415690031757172,
      "risk": 1.7336683813120057,
      "sharpe_ratio": 0.24893399904375849,
      "var": -2.410061721756423,
      "cvar": -3.134490970927227,
      "max_drawdown": 4.334170953280014
    },
    "mean_variance": {
      "return": 0.18139059455980017,
      "risk": 0.309051515958086,
      "sharpe_ratio": 0.5545696613992483,
      "var": -0.32695391237870836,
      "cvar": -0.4560939255865298,
      "max_drawdown": 0.772628789895215
    }
  },
  "data_stats": {
    "mean_returns": [
      0.0007,
      0.002,
      0.0004
    ],
    "return_stds": [
      0.022,
      0.1343,
      0.0305
    ],
    "cov_matrix": [
      [
        0.00048399999999999995,
        -0.0002921829412602865,
        -8.415312221504905e-05
      ],
      [
        -0.0002921829412602865,
        0.018036490000000002,
        -0.0006687651949791408
      ],
      [
        -8.415312221504905e-05,
        -0.0006687651949791408,
        0.00093025
      ]
    ]
  }
}