{
  "experiment_id": "2c55f242",
  "timestamp": "2025-08-11T21:47:04.913762",
  "parameters": {
    "num_assets": 3,
    "num_portfolios": 250,
    "ansatz_reps": 2,
    "risk_aversion": 0.2,
    "random_seed": 45
  },
  "tickers": [
    "V",
    "C",
    "BAC"
  ],
  "quantum": {
    "return": 0.288288,
    "risk": 0.8839486107391807,
    "sharpe_ratio": 0.31482373140140846,
    "var": -1.1656780784130563,
    "cvar": -1.5350441205501055,
    "max_drawdown": 2.2098715268479516,
    "optimal_value": null,
    "optimiser_evals": 0,
    "optimiser_time": 1.8955278396606445,
    "circuit_metrics": {
      "depth": 7,
      "num_parameters": 9,
      "gate_counts": {
        "ry": 9,
        "barrier": 4,
        "cz": 4
      }
    },
    "state_metrics": {
      "max_prob_state": 0.9927791546986249,
      "entropy": 0.050489403122272764,
      "num_significant_states": 1
    },
    "weights": [
      0.24,
      0.42,
      0.34
    ]
  },
  "classical": {
    "monte_carlo": {
      "return": 0.4662448107303109,
      "risk": 1.8890970355825993,
      "sharpe_ratio": 0.24151475659354074,
      "var": -2.6410432999110016,
      "cvar": -3.4304198391902307,
      "max_drawdown": 4.722742588956498
    },
    "mean_variance": {
      "return": 0.1797708918707071,
      "risk": 0.3014250598155028,
      "sharpe_ratio": 0.5632275298365073,
      "var": -0.3160292110208871,
      "cvar": -0.441982439514423,
      "max_drawdown": 0.7535626495387571
    }
  },
  "data_stats": {
    "mean_returns": [
      0.0007,
      0.002,
      0.0004
    ],
    "return_stds": [
      0.022,
      0.1343,
      0.0305
    ],
    "cov_matrix": [
      [
        0.00048399999999999995,
        -0.00033076661943811514,
        -0.00013487717933397827
      ],
      [
        -0.00033076661943811514,
        0.018036490000000002,
        -0.0004471368588473331
      ],
      [
        -0.00013487717933397827,
        -0.0004471368588473331,
        0.00093025
      ]
    ]
  }
}