{
  "experiment_id": "2da08e1b",
  "timestamp": "2025-08-11T22:41:30.667553",
  "parameters": {
    "num_assets": 4,
    "num_portfolios": 100,
    "ansatz_reps": 3,
    "risk_aversion": 0.2,
    "random_seed": 256
  },
  "tickers": [
    "V",
    "C",
    "BAC",
    "ADBE"
  ],
  "quantum": {
    "return": 0.19440000000000002,
    "risk": 0.5538326016667184,
    "sharpe_ratio": 0.3329525915322821,
    "var": -0.7165735635754716,
    "cvar": -0.9479976006730993,
    "max_drawdown": 1.3845815041667962,
    "optimal_value": null,
    "optimiser_evals": 0,
    "optimiser_time": 9.342285871505737,
    "circuit_metrics": {
      "depth": 13,
      "num_parameters": 16,
      "gate_counts": {
        "ry": 16,
        "cz": 9,
        "barrier": 6
      }
    },
    "state_metrics": {
      "max_prob_state": 0.9972669339750405,
      "entropy": 0.022018858765067654,
      "num_significant_states": 1
    },
    "weights": [
      0.0,
      0.21428571428571427,
      0.7142857142857143,
      0.07142857142857142
    ]
  },
  "classical": {
    "monte_carlo": {
      "return": 0.36480346000148417,
      "risk": 1.2304227009582998,
      "sharpe_ratio": 0.28835900030546396,
      "var": -1.6590617823532017,
      "cvar": -2.173205203913082,
      "max_drawdown": 3.0760567523957496
    },
    "mean_variance": {
      "return": 0.19544389731352213,
      "risk": 0.2698717340271384,
      "sharpe_ratio": 0.6871556889128442,
      "var": -0.24845560321269938,
      "cvar": -0.3612239848484941,
      "max_drawdown": 0.6746793350678459
    }
  },
  "data_stats": {
    "mean_returns": [
      0.0007,
      0.002,
      0.0004,
      0.0008
    ],
    "return_stds": [
      0.022,
      0.1343,
      0.0305,
      0.0215
    ],
    "cov_matrix": [
      [
        0.00048399999999999995,
        -0.0003438153823438453,
        1.730569736639311e-06,
        -5.2696175880535984e-05
      ],
      [
        -0.0003438153823438453,
        0.018036490000000002,
        -0.0002969418465267215,
        -0.0003672704584956916
      ],
      [
        1.730569736639311e-06,
        -0.0002969418465267215,
        0.00093025,
        0.0001386339809204383
      ],
      [
        -5.2696175880535984e-05,
        -0.0003672704584956916,
        0.0001386339809204383,
        0.00046224999999999993
      ]
    ]
  }
}