{
  "experiment_id": "3555959f",
  "timestamp": "2025-08-12T01:55:53.571828",
  "parameters": {
    "num_assets": 5,
    "num_portfolios": 500,
    "ansatz_reps": 1,
    "risk_aversion": 0.8,
    "random_seed": 45
  },
  "tickers": [
    "V",
    "C",
    "BAC",
    "ADBE",
    "PEP"
  ],
  "quantum": {
    "return": 0.44347795620437963,
    "risk": 1.8186872807040941,
    "sharpe_ratio": 0.238346614507889,
    "var": -2.547996413752259,
    "cvar": -3.307951590554811,
    "max_drawdown": 4.5467182017602354,
    "optimal_value": null,
    "optimiser_evals": 0,
    "optimiser_time": 1.3927078247070312,
    "circuit_metrics": {
      "depth": 6,
      "num_parameters": 10,
      "gate_counts": {
        "ry": 10,
        "cz": 4,
        "barrier": 2
      }
    },
    "state_metrics": {
      "max_prob_state": 0.837035079122037,
      "entropy": 0.5403319136344451,
      "num_significant_states": 2
    },
    "weights": [
      0.00959332638164755,
      0.853806047966632,
      0.0004171011470281543,
      0.008967674661105318,
      0.12721584984358708
    ]
  },
  "classical": {
    "monte_carlo": {
      "return": 0.3370549904683391,
      "risk": 1.227543407968809,
      "sharpe_ratio": 0.2664304890117982,
      "var": -1.6820742363695267,
      "cvar": -2.195014518920238,
      "max_drawdown": 3.0688585199220224
    },
    "mean_variance": {
      "return": 0.1719228189229482,
      "risk": 0.23120842238160824,
      "sharpe_ratio": 0.7003327009242573,
      "var": -0.208381193213168,
      "cvar": -0.304993755127182,
      "max_drawdown": 0.5780210559540206
    }
  },
  "data_stats": {
    "mean_returns": [
      0.0007,
      0.002,
      0.0004,
      0.0008,
      0.0003
    ],
    "return_stds": [
      0.022,
      0.1343,
      0.0305,
      0.0215,
      0.0116
    ],
    "cov_matrix": [
      [
        0.00048399999999999995,
        1.9812983212494825e-05,
        2.7704788265853345e-05,
        -9.082213396659272e-05,
        -3.5088075777496195e-06
      ],
      [
        1.9812983212494825e-05,
        0.018036490000000002,
        -0.00022926945880017894,
        7.965379685163005e-05,
        -0.00012158353950172939
      ],
      [
        2.7704788265853345e-05,
        -0.00022926945880017894,
        0.00093025,
        2.82140531089135e-05,
        -1.6425242173370383e-05
      ],
      [
        -9.082213396659272e-05,
        7.965379685163005e-05,
        2.82140531089135e-05,
        0.00046224999999999993,
        -1.7340309767550264e-05
      ],
      [
        -3.5088075777496195e-06,
        -0.00012158353950172939,
        -1.6425242173370383e-05,
        -1.7340309767550264e-05,
        0.00013455999999999999
      ]
    ]
  }
}