{
  "experiment_id": "3566cf67",
  "timestamp": "2025-08-11T22:49:34.796884",
  "parameters": {
    "num_assets": 4,
    "num_portfolios": 100,
    "ansatz_reps": 3,
    "risk_aversion": 0.5,
    "random_seed": 123
  },
  "tickers": [
    "V",
    "C",
    "BAC",
    "ADBE"
  ],
  "quantum": {
    "return": 0.5035760058522312,
    "risk": 2.1293609262211617,
    "sharpe_ratio": 0.23179537098398267,
    "var": -2.9989110367313927,
    "cvar": -3.8886840484700373,
    "max_drawdown": 5.323402315552904,
    "optimal_value": null,
    "optimiser_evals": 0,
    "optimiser_time": 3.496807098388672,
    "circuit_metrics": {
      "depth": 13,
      "num_parameters": 16,
      "gate_counts": {
        "ry": 16,
        "cz": 9,
        "barrier": 6
      }
    },
    "state_metrics": {
      "max_prob_state": 0.9984555971148149,
      "entropy": 0.013806329833071127,
      "num_significant_states": 1
    },
    "weights": [
      0.000243842965130456,
      0.9987807851743478,
      0.000487685930260912,
      0.000487685930260912
    ]
  },
  "classical": {
    "monte_carlo": {
      "return": 0.3977338893606586,
      "risk": 1.4867273531341598,
      "sharpe_ratio": 0.26079690303893277,
      "var": -2.047714989730026,
      "cvar": -2.6689576632207905,
      "max_drawdown": 3.7168183828354
    },
    "mean_variance": {
      "return": 0.18935518264320667,
      "risk": 0.2664393047844647,
      "sharpe_ratio": 0.6731558723601065,
      "var": -0.24889847419394878,
      "cvar": -0.3602325837590837,
      "max_drawdown": 0.6660982619611617
    }
  },
  "data_stats": {
    "mean_returns": [
      0.0007,
      0.002,
      0.0004,
      0.0008
    ],
    "return_stds": [
      0.022,
      0.1343,
      0.0305,
      0.0215
    ],
    "cov_matrix": [
      [
        0.00048399999999999995,
        4.971089151844754e-06,
        -5.882321062872405e-05,
        -1.43503274709903e-06
      ],
      [
        4.971089151844754e-06,
        0.018036490000000002,
        0.00045821383300923376,
        -0.00022131642862735146
      ],
      [
        -5.882321062872405e-05,
        0.00045821383300923376,
        0.00093025,
        2.5002559815004715e-05
      ],
      [
        -1.43503274709903e-06,
        -0.00022131642862735146,
        2.5002559815004715e-05,
        0.00046224999999999993
      ]
    ]
  }
}