{
  "experiment_id": "35fa03e8",
  "timestamp": "2025-08-12T01:04:11.279448",
  "parameters": {
    "num_assets": 5,
    "num_portfolios": 100,
    "ansatz_reps": 2,
    "risk_aversion": 0.8,
    "random_seed": 123
  },
  "tickers": [
    "V",
    "C",
    "BAC",
    "ADBE",
    "PEP"
  ],
  "quantum": {
    "return": 0.39418315334773213,
    "risk": 1.5732349875422855,
    "sharpe_ratio": 0.24419947203685363,
    "var": -2.19355812195815,
    "cvar": -2.850948804674528,
    "max_drawdown": 3.933087468855714,
    "optimal_value": null,
    "optimiser_evals": 0,
    "optimiser_time": 1.3899600505828857,
    "circuit_metrics": {
      "depth": 11,
      "num_parameters": 15,
      "gate_counts": {
        "ry": 15,
        "cz": 8,
        "barrier": 4
      }
    },
    "state_metrics": {
      "max_prob_state": 0.6527786207894393,
      "entropy": 0.8658587761321274,
      "num_significant_states": 3
    },
    "weights": [
      0.01655867530597552,
      0.736321094312455,
      0.01079913606911447,
      0.009539236861051115,
      0.2267818574514039
    ]
  },
  "classical": {
    "monte_carlo": {
      "return": 0.3995543184943076,
      "risk": 1.5048613669190951,
      "sharpe_ratio": 0.25886392398513275,
      "var": -2.0757223589417158,
      "cvar": -2.7045424965728437,
      "max_drawdown": 3.762153417297738
    },
    "mean_variance": {
      "return": 0.1712963791709375,
      "risk": 0.2248874321837017,
      "sharpe_ratio": 0.7172316283071828,
      "var": -0.19861052931222742,
      "cvar": -0.2925818074418419,
      "max_drawdown": 0.5622185804592542
    }
  },
  "data_stats": {
    "mean_returns": [
      0.0007,
      0.002,
      0.0004,
      0.0008,
      0.0003
    ],
    "return_stds": [
      0.022,
      0.1343,
      0.0305,
      0.0215,
      0.0116
    ],
    "cov_matrix": [
      [
        0.00048399999999999995,
        -0.00025771871216156294,
        -8.65530677463559e-05,
        4.105311380623812e-05,
        2.7092281713471843e-05
      ],
      [
        -0.00025771871216156294,
        0.018036490000000002,
        0.0005085936877816589,
        -0.000291554230188307,
        0.00011289145278066298
      ],
      [
        -8.65530677463559e-05,
        0.0005085936877816589,
        0.00093025,
        -0.00015046911906136718,
        1.3002105441479814e-05
      ],
      [
        4.105311380623812e-05,
        -0.000291554230188307,
        -0.00015046911906136718,
        0.00046224999999999993,
        1.0688119135484266e-05
      ],
      [
        2.7092281713471843e-05,
        0.00011289145278066298,
        1.3002105441479814e-05,
        1.0688119135484266e-05,
        0.00013455999999999999
      ]
    ]
  }
}