{
  "experiment_id": "3980646f",
  "timestamp": "2025-08-11T23:01:04.739127",
  "parameters": {
    "num_assets": 3,
    "num_portfolios": 500,
    "ansatz_reps": 1,
    "risk_aversion": 0.2,
    "random_seed": 123
  },
  "tickers": [
    "V",
    "C",
    "BAC"
  ],
  "quantum": {
    "return": 0.2681,
    "risk": 0.8670374826117637,
    "sharpe_ratio": 0.2976803254485946,
    "var": -1.1580497479768335,
    "cvar": -1.5203493199722833,
    "max_drawdown": 2.1675937065294093,
    "optimal_value": null,
    "optimiser_evals": 0,
    "optimiser_time": 0.8608441352844238,
    "circuit_metrics": {
      "depth": 4,
      "num_parameters": 6,
      "gate_counts": {
        "ry": 6,
        "barrier": 2,
        "cz": 2
      }
    },
    "state_metrics": {
      "max_prob_state": 0.9945962607529065,
      "entropy": 0.039689832533168344,
      "num_significant_states": 1
    },
    "weights": [
      0.1388888888888889,
      0.3888888888888889,
      0.4722222222222222
    ]
  },
  "classical": {
    "monte_carlo": {
      "return": 0.47494042071968656,
      "risk": 1.9567233726366295,
      "sharpe_ratio": 0.2376117274529166,
      "var": -2.74358311570239,
      "cvar": -3.5612179407670173,
      "max_drawdown": 4.891808431591574
    },
    "mean_variance": {
      "return": 0.17571440840111416,
      "risk": 0.3418361726230619,
      "sharpe_ratio": 0.4847772754109472,
      "var": -0.3865560599611386,
      "cvar": -0.5293954429377953,
      "max_drawdown": 0.8545904315576547
    }
  },
  "data_stats": {
    "mean_returns": [
      0.0007,
      0.002,
      0.0004
    ],
    "return_stds": [
      0.022,
      0.1343,
      0.0305
    ],
    "cov_matrix": [
      [
        0.00048399999999999995,
        -0.0001440774312669895,
        4.179303073729718e-05
      ],
      [
        -0.0001440774312669895,
        0.018036490000000002,
        0.00013263685810295953
      ],
      [
        4.179303073729718e-05,
        0.00013263685810295953,
        0.00093025
      ]
    ]
  }
}