{
  "experiment_id": "405fa4d9",
  "timestamp": "2025-08-11T22:37:44.165065",
  "parameters": {
    "num_assets": 3,
    "num_portfolios": 250,
    "ansatz_reps": 2,
    "risk_aversion": 0.8,
    "random_seed": 45
  },
  "tickers": [
    "V",
    "C",
    "BAC"
  ],
  "quantum": {
    "return": 0.3309077416655043,
    "risk": 1.2116334317670976,
    "sharpe_ratio": 0.26485546969224744,
    "var": -1.662051903112265,
    "cvar": -2.1683440560446643,
    "max_drawdown": 3.029083579417744,
    "optimal_value": null,
    "optimiser_evals": 0,
    "optimiser_time": 5.52239990234375,
    "circuit_metrics": {
      "depth": 7,
      "num_parameters": 9,
      "gate_counts": {
        "ry": 9,
        "barrier": 4,
        "cz": 4
      }
    },
    "state_metrics": {
      "max_prob_state": 0.7588150634321335,
      "entropy": 0.5619818977381288,
      "num_significant_states": 2
    },
    "weights": [
      0.0002789789370902497,
      0.5706514158181057,
      0.42906960524480403
    ]
  },
  "classical": {
    "monte_carlo": {
      "return": 0.4662448107303109,
      "risk": 1.8890970355825993,
      "sharpe_ratio": 0.24151475659354074,
      "var": -2.6410432999110016,
      "cvar": -3.4304198391902307,
      "max_drawdown": 4.722742588956498
    },
    "mean_variance": {
      "return": 0.1797708918707071,
      "risk": 0.3014250598155028,
      "sharpe_ratio": 0.5632275298365073,
      "var": -0.3160292110208871,
      "cvar": -0.441982439514423,
      "max_drawdown": 0.7535626495387571
    }
  },
  "data_stats": {
    "mean_returns": [
      0.0007,
      0.002,
      0.0004
    ],
    "return_stds": [
      0.022,
      0.1343,
      0.0305
    ],
    "cov_matrix": [
      [
        0.00048399999999999995,
        -0.00033076661943811514,
        -0.00013487717933397827
      ],
      [
        -0.00033076661943811514,
        0.018036490000000002,
        -0.0004471368588473331
      ],
      [
        -0.00013487717933397827,
        -0.0004471368588473331,
        0.00093025
      ]
    ]
  }
}