{
  "experiment_id": "43ec133f",
  "timestamp": "2025-08-12T02:13:16.423964",
  "parameters": {
    "num_assets": 6,
    "num_portfolios": 250,
    "ansatz_reps": 3,
    "risk_aversion": 0.8,
    "random_seed": 45
  },
  "tickers": [
    "V",
    "C",
    "BAC",
    "ADBE",
    "PEP",
    "INTC"
  ],
  "quantum": {
    "return": 0.44050175295556465,
    "risk": 1.7741668586839543,
    "sharpe_ratio": 0.24265009282999642,
    "var": -2.4777430393678372,
    "cvar": -3.2190949491070477,
    "max_drawdown": 4.435417146709886,
    "optimal_value": null,
    "optimiser_evals": 0,
    "optimiser_time": 2.0086488723754883,
    "circuit_metrics": {
      "depth": 19,
      "num_parameters": 24,
      "gate_counts": {
        "ry": 24,
        "cz": 15,
        "barrier": 6
      }
    },
    "state_metrics": {
      "max_prob_state": 0.8684710580568641,
      "entropy": 0.643887554814182,
      "num_significant_states": 5
    },
    "weights": [
      0.004891969017529555,
      0.8338768854463922,
      0.03872808805544232,
      0.03730126375866286,
      0.025682837342030168,
      0.05951895637994293
    ]
  },
  "classical": {
    "monte_carlo": {
      "return": 0.2612069438073772,
      "risk": 0.7660504484685702,
      "sharpe_ratio": 0.3279248048344218,
      "var": -0.9988339147839522,
      "cvar": -1.318935127445551,
      "max_drawdown": 1.9151261211714254
    },
    "mean_variance": {
      "return": 0.16682649180467507,
      "risk": 0.21287155835964952,
      "sharpe_ratio": 0.7367188600165856,
      "var": -0.1833160630380064,
      "cvar": -0.27226639797783875,
      "max_drawdown": 0.5321788958991238
    }
  },
  "data_stats": {
    "mean_returns": [
      0.0007,
      0.002,
      0.0004,
      0.0008,
      0.0003,
      0.0004
    ],
    "return_stds": [
      0.022,
      0.1343,
      0.0305,
      0.0215,
      0.0116,
      0.0202
    ],
    "cov_matrix": [
      [
        0.00048399999999999995,
        -0.00035626561385591676,
        5.4787617025299306e-05,
        -6.842127745625751e-05,
        -2.39458509053133e-05,
        2.388820485573935e-05
      ],
      [
        -0.00035626561385591676,
        0.018036490000000002,
        -0.0005083713825070588,
        -7.182905254925815e-05,
        0.00011411372831880138,
        -0.0001947823622605642
      ],
      [
        5.4787617025299306e-05,
        -0.0005083713825070588,
        0.00093025,
        -4.084662345098223e-05,
        8.436821754266292e-05,
        5.065675043029806e-05
      ],
      [
        -6.842127745625751e-05,
        -7.182905254925815e-05,
        -4.084662345098223e-05,
        0.00046224999999999993,
        -5.226210111562324e-05,
        -1.4938420438104013e-05
      ],
      [
        -2.39458509053133e-05,
        0.00011411372831880138,
        8.436821754266292e-05,
        -5.226210111562324e-05,
        0.00013455999999999999,
        4.339058028508684e-06
      ],
      [
        2.388820485573935e-05,
        -0.0001947823622605642,
        5.065675043029806e-05,
        -1.4938420438104013e-05,
        4.339058028508684e-06,
        0.00040804
      ]
    ]
  }
}