{
  "experiment_id": "462a5084",
  "timestamp": "2025-08-12T01:26:30.239085",
  "parameters": {
    "num_assets": 5,
    "num_portfolios": 500,
    "ansatz_reps": 1,
    "risk_aversion": 0.2,
    "random_seed": 256
  },
  "tickers": [
    "V",
    "C",
    "BAC",
    "ADBE",
    "PEP"
  ],
  "quantum": {
    "return": 0.30744,
    "risk": 0.8774774003971546,
    "sharpe_ratio": 0.33897169302067015,
    "var": -1.1358818846112089,
    "cvar": -1.5025438720975337,
    "max_drawdown": 2.1936935009928864,
    "optimal_value": null,
    "optimiser_evals": 0,
    "optimiser_time": 1.162330150604248,
    "circuit_metrics": {
      "depth": 6,
      "num_parameters": 10,
      "gate_counts": {
        "ry": 10,
        "cz": 4,
        "barrier": 2
      }
    },
    "state_metrics": {
      "max_prob_state": 0.9992286722705782,
      "entropy": 0.007044949662277659,
      "num_significant_states": 1
    },
    "weights": [
      0.6,
      0.4,
      0.0,
      0.0,
      0.0
    ]
  },
  "classical": {
    "monte_carlo": {
      "return": 0.3511378681971307,
      "risk": 1.264652630171457,
      "sharpe_ratio": 0.26974827716199073,
      "var": -1.7290305973741087,
      "cvar": -2.2574773091054876,
      "max_drawdown": 3.1616315754286424
    },
    "mean_variance": {
      "return": 0.17065674653381016,
      "risk": 0.2292238048876991,
      "sharpe_ratio": 0.7008728723114896,
      "var": -0.20638286031933825,
      "cvar": -0.30216613159363037,
      "max_drawdown": 0.5730595122192478
    }
  },
  "data_stats": {
    "mean_returns": [
      0.0007,
      0.002,
      0.0004,
      0.0008,
      0.0003
    ],
    "return_stds": [
      0.022,
      0.1343,
      0.0305,
      0.0215,
      0.0116
    ],
    "cov_matrix": [
      [
        0.00048399999999999995,
        -9.698814420071563e-06,
        -8.448351085983138e-05,
        -7.547026447103548e-05,
        -1.666829537589477e-05
      ],
      [
        -9.698814420071563e-06,
        0.018036490000000002,
        -0.0002417558797677352,
        0.00018836259187373554,
        0.00014335425857875568
      ],
      [
        -8.448351085983138e-05,
        -0.0002417558797677352,
        0.00093025,
        -1.2941487301863714e-05,
        6.323889416292428e-05
      ],
      [
        -7.547026447103548e-05,
        0.00018836259187373554,
        -1.2941487301863714e-05,
        0.00046224999999999993,
        1.2364284235789243e-05
      ],
      [
        -1.666829537589477e-05,
        0.00014335425857875568,
        6.323889416292428e-05,
        1.2364284235789243e-05,
        0.00013455999999999999
      ]
    ]
  }
}