{
  "experiment_id": "475ff6d2",
  "timestamp": "2025-08-12T02:11:17.831364",
  "parameters": {
    "num_assets": 5,
    "num_portfolios": 500,
    "ansatz_reps": 3,
    "risk_aversion": 0.2,
    "random_seed": 45
  },
  "tickers": [
    "V",
    "C",
    "BAC",
    "ADBE",
    "PEP"
  ],
  "quantum": {
    "return": 0.2313818181818182,
    "risk": 0.6025931380118733,
    "sharpe_ratio": 0.36738191030886935,
    "var": -0.7597956904530805,
    "cvar": -1.0115947653113637,
    "max_drawdown": 1.5064828450296832,
    "optimal_value": null,
    "optimiser_evals": 0,
    "optimiser_time": 2.1848180294036865,
    "circuit_metrics": {
      "depth": 16,
      "num_parameters": 20,
      "gate_counts": {
        "ry": 20,
        "cz": 12,
        "barrier": 6
      }
    },
    "state_metrics": {
      "max_prob_state": 0.997674533899848,
      "entropy": 0.020511496798966945,
      "num_significant_states": 1
    },
    "weights": [
      0.18181818181818182,
      0.2727272727272727,
      0.36363636363636365,
      0.09090909090909091,
      0.09090909090909091
    ]
  },
  "classical": {
    "monte_carlo": {
      "return": 0.3370549904683391,
      "risk": 1.227543407968809,
      "sharpe_ratio": 0.2664304890117982,
      "var": -1.6820742363695267,
      "cvar": -2.195014518920238,
      "max_drawdown": 3.0688585199220224
    },
    "mean_variance": {
      "return": 0.1719228189229482,
      "risk": 0.23120842238160824,
      "sharpe_ratio": 0.7003327009242573,
      "var": -0.208381193213168,
      "cvar": -0.304993755127182,
      "max_drawdown": 0.5780210559540206
    }
  },
  "data_stats": {
    "mean_returns": [
      0.0007,
      0.002,
      0.0004,
      0.0008,
      0.0003
    ],
    "return_stds": [
      0.022,
      0.1343,
      0.0305,
      0.0215,
      0.0116
    ],
    "cov_matrix": [
      [
        0.00048399999999999995,
        1.9812983212494825e-05,
        2.7704788265853345e-05,
        -9.082213396659272e-05,
        -3.5088075777496195e-06
      ],
      [
        1.9812983212494825e-05,
        0.018036490000000002,
        -0.00022926945880017894,
        7.965379685163005e-05,
        -0.00012158353950172939
      ],
      [
        2.7704788265853345e-05,
        -0.00022926945880017894,
        0.00093025,
        2.82140531089135e-05,
        -1.6425242173370383e-05
      ],
      [
        -9.082213396659272e-05,
        7.965379685163005e-05,
        2.82140531089135e-05,
        0.00046224999999999993,
        -1.7340309767550264e-05
      ],
      [
        -3.5088075777496195e-06,
        -0.00012158353950172939,
        -1.6425242173370383e-05,
        -1.7340309767550264e-05,
        0.00013455999999999999
      ]
    ]
  }
}