{
  "experiment_id": "483b9f80",
  "timestamp": "2025-08-12T01:11:01.877911",
  "parameters": {
    "num_assets": 4,
    "num_portfolios": 500,
    "ansatz_reps": 3,
    "risk_aversion": 0.8,
    "random_seed": 45
  },
  "tickers": [
    "V",
    "C",
    "BAC",
    "ADBE"
  ],
  "quantum": {
    "return": 0.2979860432658758,
    "risk": 1.0160943257485424,
    "sharpe_ratio": 0.28342451676789016,
    "var": -1.3733403937664246,
    "cvar": -1.7979247360912665,
    "max_drawdown": 2.540235814371356,
    "optimal_value": null,
    "optimiser_evals": 0,
    "optimiser_time": 1.7213139533996582,
    "circuit_metrics": {
      "depth": 13,
      "num_parameters": 16,
      "gate_counts": {
        "ry": 16,
        "cz": 9,
        "barrier": 6
      }
    },
    "state_metrics": {
      "max_prob_state": 0.8821704236790061,
      "entropy": 0.4185665057381216,
      "num_significant_states": 3
    },
    "weights": [
      0.00023261223540358222,
      0.4756920214003257,
      0.47080716445685045,
      0.05326820190742033
    ]
  },
  "classical": {
    "monte_carlo": {
      "return": 0.4129514079559455,
      "risk": 1.5836046241047657,
      "sharpe_ratio": 0.25445202787516463,
      "var": -2.191846401659901,
      "cvar": -2.8535701322129396,
      "max_drawdown": 3.959011560261914
    },
    "mean_variance": {
      "return": 0.19352250729979265,
      "risk": 0.2621702287039973,
      "sharpe_ratio": 0.7000127673039425,
      "var": -0.23770914426267425,
      "cvar": -0.347259381195094,
      "max_drawdown": 0.6554255717599933
    }
  },
  "data_stats": {
    "mean_returns": [
      0.0007,
      0.002,
      0.0004,
      0.0008
    ],
    "return_stds": [
      0.022,
      0.1343,
      0.0305,
      0.0215
    ],
    "cov_matrix": [
      [
        0.00048399999999999995,
        -5.305673179885455e-06,
        -0.00012130377989190961,
        9.65079649376644e-06
      ],
      [
        -5.305673179885455e-06,
        0.018036490000000002,
        -0.00039825184946319815,
        -0.000317323366062759
      ],
      [
        -0.00012130377989190961,
        -0.00039825184946319815,
        0.00093025,
        5.2800381068237304e-05
      ],
      [
        9.65079649376644e-06,
        -0.000317323366062759,
        5.2800381068237304e-05,
        0.00046224999999999993
      ]
    ]
  }
}