{
  "experiment_id": "4909f653",
  "timestamp": "2025-08-12T01:33:56.135926",
  "parameters": {
    "num_assets": 5,
    "num_portfolios": 500,
    "ansatz_reps": 2,
    "risk_aversion": 0.5,
    "random_seed": 123
  },
  "tickers": [
    "V",
    "C",
    "BAC",
    "ADBE",
    "PEP"
  ],
  "quantum": {
    "return": 0.49413339676498563,
    "risk": 2.0755043309981076,
    "sharpe_ratio": 0.23326060540291257,
    "var": -2.91976742983074,
    "cvar": -3.7870359688219453,
    "max_drawdown": 5.188760827495269,
    "optimal_value": null,
    "optimiser_evals": 0,
    "optimiser_time": 1.2985401153564453,
    "circuit_metrics": {
      "depth": 11,
      "num_parameters": 15,
      "gate_counts": {
        "ry": 15,
        "cz": 8,
        "barrier": 4
      }
    },
    "state_metrics": {
      "max_prob_state": 0.9762919377965877,
      "entropy": 0.14259505246194448,
      "num_significant_states": 2
    },
    "weights": [
      0.012369172216936251,
      0.9735965746907707,
      0.0019029495718363464,
      0.0011893434823977164,
      0.010941960038058992
    ]
  },
  "classical": {
    "monte_carlo": {
      "return": 0.3944285664204335,
      "risk": 1.5514661044672675,
      "sharpe_ratio": 0.24778405748827886,
      "var": -2.1575060826048227,
      "cvar": -2.8058004376778554,
      "max_drawdown": 3.8786652611681687
    },
    "mean_variance": {
      "return": 0.1712963791709375,
      "risk": 0.2248874321837017,
      "sharpe_ratio": 0.7172316283071828,
      "var": -0.19861052931222742,
      "cvar": -0.2925818074418419,
      "max_drawdown": 0.5622185804592542
    }
  },
  "data_stats": {
    "mean_returns": [
      0.0007,
      0.002,
      0.0004,
      0.0008,
      0.0003
    ],
    "return_stds": [
      0.022,
      0.1343,
      0.0305,
      0.0215,
      0.0116
    ],
    "cov_matrix": [
      [
        0.00048399999999999995,
        -0.00025771871216156294,
        -8.65530677463559e-05,
        4.105311380623812e-05,
        2.7092281713471843e-05
      ],
      [
        -0.00025771871216156294,
        0.018036490000000002,
        0.0005085936877816589,
        -0.000291554230188307,
        0.00011289145278066298
      ],
      [
        -8.65530677463559e-05,
        0.0005085936877816589,
        0.00093025,
        -0.00015046911906136718,
        1.3002105441479814e-05
      ],
      [
        4.105311380623812e-05,
        -0.000291554230188307,
        -0.00015046911906136718,
        0.00046224999999999993,
        1.0688119135484266e-05
      ],
      [
        2.7092281713471843e-05,
        0.00011289145278066298,
        1.3002105441479814e-05,
        1.0688119135484266e-05,
        0.00013455999999999999
      ]
    ]
  }
}