{
  "experiment_id": "4b4c1dde",
  "timestamp": "2025-08-12T01:21:26.874714",
  "parameters": {
    "num_assets": 5,
    "num_portfolios": 250,
    "ansatz_reps": 3,
    "risk_aversion": 0.2,
    "random_seed": 123
  },
  "tickers": [
    "V",
    "C",
    "BAC",
    "ADBE",
    "PEP"
  ],
  "quantum": {
    "return": 0.130305,
    "risk": 0.4129438871868309,
    "sharpe_ratio": 0.29133498214388054,
    "var": -0.5489272505666982,
    "cvar": -0.7214796448821783,
    "max_drawdown": 1.0323597179670772,
    "optimal_value": null,
    "optimiser_evals": 0,
    "optimiser_time": 1.886455774307251,
    "circuit_metrics": {
      "depth": 16,
      "num_parameters": 20,
      "gate_counts": {
        "ry": 20,
        "cz": 12,
        "barrier": 6
      }
    },
    "state_metrics": {
      "max_prob_state": 0.9495654477669744,
      "entropy": 0.23179026028888455,
      "num_significant_states": 2
    },
    "weights": [
      0.029166666666666667,
      0.058333333333333334,
      0.7916666666666666,
      0.05416666666666667,
      0.06666666666666667
    ]
  },
  "classical": {
    "monte_carlo": {
      "return": 0.416389311536578,
      "risk": 1.6598758234790043,
      "sharpe_ratio": 0.24483115290203417,
      "var": -2.3138634570019234,
      "cvar": -3.0074578084255017,
      "max_drawdown": 4.149689558697511
    },
    "mean_variance": {
      "return": 0.1712963791709375,
      "risk": 0.2248874321837017,
      "sharpe_ratio": 0.7172316283071828,
      "var": -0.19861052931222742,
      "cvar": -0.2925818074418419,
      "max_drawdown": 0.5622185804592542
    }
  },
  "data_stats": {
    "mean_returns": [
      0.0007,
      0.002,
      0.0004,
      0.0008,
      0.0003
    ],
    "return_stds": [
      0.022,
      0.1343,
      0.0305,
      0.0215,
      0.0116
    ],
    "cov_matrix": [
      [
        0.00048399999999999995,
        -0.00025771871216156294,
        -8.65530677463559e-05,
        4.105311380623812e-05,
        2.7092281713471843e-05
      ],
      [
        -0.00025771871216156294,
        0.018036490000000002,
        0.0005085936877816589,
        -0.000291554230188307,
        0.00011289145278066298
      ],
      [
        -8.65530677463559e-05,
        0.0005085936877816589,
        0.00093025,
        -0.00015046911906136718,
        1.3002105441479814e-05
      ],
      [
        4.105311380623812e-05,
        -0.000291554230188307,
        -0.00015046911906136718,
        0.00046224999999999993,
        1.0688119135484266e-05
      ],
      [
        2.7092281713471843e-05,
        0.00011289145278066298,
        1.3002105441479814e-05,
        1.0688119135484266e-05,
        0.00013455999999999999
      ]
    ]
  }
}