{
  "experiment_id": "4e0349c9",
  "timestamp": "2025-08-12T01:19:02.805361",
  "parameters": {
    "num_assets": 5,
    "num_portfolios": 250,
    "ansatz_reps": 1,
    "risk_aversion": 0.8,
    "random_seed": 256
  },
  "tickers": [
    "V",
    "C",
    "BAC",
    "ADBE",
    "PEP"
  ],
  "quantum": {
    "return": 0.4600899082568808,
    "risk": 1.906425517570724,
    "sharpe_ratio": 0.23609100072811182,
    "var": -2.6757010188321617,
    "cvar": -3.472318423395228,
    "max_drawdown": 4.7660637939268105,
    "optimal_value": null,
    "optimiser_evals": 0,
    "optimiser_time": 0.9024250507354736,
    "circuit_metrics": {
      "depth": 6,
      "num_parameters": 10,
      "gate_counts": {
        "ry": 10,
        "cz": 4,
        "barrier": 2
      }
    },
    "state_metrics": {
      "max_prob_state": 0.8956180815529672,
      "entropy": 0.41127261626612543,
      "num_significant_states": 3
    },
    "weights": [
      0.00043687199650502403,
      0.8934032328527741,
      0.0045871559633027525,
      0.012669287898645697,
      0.08890345128877239
    ]
  },
  "classical": {
    "monte_carlo": {
      "return": 0.38999332662964126,
      "risk": 1.479638758318833,
      "sharpe_ratio": 0.2568149316806151,
      "var": -2.043795851569064,
      "cvar": -2.6620764906390026,
      "max_drawdown": 3.6990968957970827
    },
    "mean_variance": {
      "return": 0.17065674653381016,
      "risk": 0.2292238048876991,
      "sharpe_ratio": 0.7008728723114896,
      "var": -0.20638286031933825,
      "cvar": -0.30216613159363037,
      "max_drawdown": 0.5730595122192478
    }
  },
  "data_stats": {
    "mean_returns": [
      0.0007,
      0.002,
      0.0004,
      0.0008,
      0.0003
    ],
    "return_stds": [
      0.022,
      0.1343,
      0.0305,
      0.0215,
      0.0116
    ],
    "cov_matrix": [
      [
        0.00048399999999999995,
        -9.698814420071563e-06,
        -8.448351085983138e-05,
        -7.547026447103548e-05,
        -1.666829537589477e-05
      ],
      [
        -9.698814420071563e-06,
        0.018036490000000002,
        -0.0002417558797677352,
        0.00018836259187373554,
        0.00014335425857875568
      ],
      [
        -8.448351085983138e-05,
        -0.0002417558797677352,
        0.00093025,
        -1.2941487301863714e-05,
        6.323889416292428e-05
      ],
      [
        -7.547026447103548e-05,
        0.00018836259187373554,
        -1.2941487301863714e-05,
        0.00046224999999999993,
        1.2364284235789243e-05
      ],
      [
        -1.666829537589477e-05,
        0.00014335425857875568,
        6.323889416292428e-05,
        1.2364284235789243e-05,
        0.00013455999999999999
      ]
    ]
  }
}