{
  "experiment_id": "4f999562",
  "timestamp": "2025-08-12T00:58:38.887259",
  "parameters": {
    "num_assets": 5,
    "num_portfolios": 100,
    "ansatz_reps": 2,
    "risk_aversion": 0.5,
    "random_seed": 45
  },
  "tickers": [
    "V",
    "C",
    "BAC",
    "ADBE",
    "PEP"
  ],
  "quantum": {
    "return": 0.49773785147801003,
    "risk": 2.097908709132764,
    "sharpe_ratio": 0.2324876432204868,
    "var": -2.953014897752097,
    "cvar": -3.829645311831516,
    "max_drawdown": 5.24477177283191,
    "optimal_value": null,
    "optimiser_evals": 0,
    "optimiser_time": 1.4747803211212158,
    "circuit_metrics": {
      "depth": 11,
      "num_parameters": 15,
      "gate_counts": {
        "ry": 15,
        "cz": 8,
        "barrier": 4
      }
    },
    "state_metrics": {
      "max_prob_state": 0.9890052878189382,
      "entropy": 0.07325874047734975,
      "num_significant_states": 1
    },
    "weights": [
      0.0,
      0.9841384282624369,
      0.0055275174236962266,
      0.0031242489786109107,
      0.007209805335255948
    ]
  },
  "classical": {
    "monte_carlo": {
      "return": 0.29701243075382394,
      "risk": 0.9282686005056084,
      "sharpe_ratio": 0.30919114424154204,
      "var": -1.2298535435729931,
      "cvar": -1.61773910031609,
      "max_drawdown": 2.3206715012640213
    },
    "mean_variance": {
      "return": 0.1719228189229482,
      "risk": 0.23120842238160824,
      "sharpe_ratio": 0.7003327009242573,
      "var": -0.208381193213168,
      "cvar": -0.304993755127182,
      "max_drawdown": 0.5780210559540206
    }
  },
  "data_stats": {
    "mean_returns": [
      0.0007,
      0.002,
      0.0004,
      0.0008,
      0.0003
    ],
    "return_stds": [
      0.022,
      0.1343,
      0.0305,
      0.0215,
      0.0116
    ],
    "cov_matrix": [
      [
        0.00048399999999999995,
        1.9812983212494825e-05,
        2.7704788265853345e-05,
        -9.082213396659272e-05,
        -3.5088075777496195e-06
      ],
      [
        1.9812983212494825e-05,
        0.018036490000000002,
        -0.00022926945880017894,
        7.965379685163005e-05,
        -0.00012158353950172939
      ],
      [
        2.7704788265853345e-05,
        -0.00022926945880017894,
        0.00093025,
        2.82140531089135e-05,
        -1.6425242173370383e-05
      ],
      [
        -9.082213396659272e-05,
        7.965379685163005e-05,
        2.82140531089135e-05,
        0.00046224999999999993,
        -1.7340309767550264e-05
      ],
      [
        -3.5088075777496195e-06,
        -0.00012158353950172939,
        -1.6425242173370383e-05,
        -1.7340309767550264e-05,
        0.00013455999999999999
      ]
    ]
  }
}