{
  "experiment_id": "53ed9ef6",
  "timestamp": "2025-08-12T01:01:38.855583",
  "parameters": {
    "num_assets": 5,
    "num_portfolios": 250,
    "ansatz_reps": 1,
    "risk_aversion": 0.5,
    "random_seed": 45
  },
  "tickers": [
    "V",
    "C",
    "BAC",
    "ADBE",
    "PEP"
  ],
  "quantum": {
    "return": 0.46395494940607124,
    "risk": 1.9178950746006513,
    "sharpe_ratio": 0.2366943611347429,
    "var": -2.6907017201631738,
    "cvar": -3.492111784428105,
    "max_drawdown": 4.7947376865016285,
    "optimal_value": null,
    "optimiser_evals": 0,
    "optimiser_time": 1.3163070678710938,
    "circuit_metrics": {
      "depth": 6,
      "num_parameters": 10,
      "gate_counts": {
        "ry": 10,
        "cz": 4,
        "barrier": 2
      }
    },
    "state_metrics": {
      "max_prob_state": 0.8876727983683501,
      "entropy": 0.3626263682084815,
      "num_significant_states": 2
    },
    "weights": [
      0.0008798944126704796,
      0.9005719313682358,
      0.09766827980642323,
      0.0,
      0.0008798944126704796
    ]
  },
  "classical": {
    "monte_carlo": {
      "return": 0.29701243075382394,
      "risk": 0.9282686005056084,
      "sharpe_ratio": 0.30919114424154204,
      "var": -1.2298535435729931,
      "cvar": -1.61773910031609,
      "max_drawdown": 2.3206715012640213
    },
    "mean_variance": {
      "return": 0.1719228189229482,
      "risk": 0.23120842238160824,
      "sharpe_ratio": 0.7003327009242573,
      "var": -0.208381193213168,
      "cvar": -0.304993755127182,
      "max_drawdown": 0.5780210559540206
    }
  },
  "data_stats": {
    "mean_returns": [
      0.0007,
      0.002,
      0.0004,
      0.0008,
      0.0003
    ],
    "return_stds": [
      0.022,
      0.1343,
      0.0305,
      0.0215,
      0.0116
    ],
    "cov_matrix": [
      [
        0.00048399999999999995,
        1.9812983212494825e-05,
        2.7704788265853345e-05,
        -9.082213396659272e-05,
        -3.5088075777496195e-06
      ],
      [
        1.9812983212494825e-05,
        0.018036490000000002,
        -0.00022926945880017894,
        7.965379685163005e-05,
        -0.00012158353950172939
      ],
      [
        2.7704788265853345e-05,
        -0.00022926945880017894,
        0.00093025,
        2.82140531089135e-05,
        -1.6425242173370383e-05
      ],
      [
        -9.082213396659272e-05,
        7.965379685163005e-05,
        2.82140531089135e-05,
        0.00046224999999999993,
        -1.7340309767550264e-05
      ],
      [
        -3.5088075777496195e-06,
        -0.00012158353950172939,
        -1.6425242173370383e-05,
        -1.7340309767550264e-05,
        0.00013455999999999999
      ]
    ]
  }
}