{
  "experiment_id": "5d3c5633",
  "timestamp": "2025-08-11T22:25:57.015482",
  "parameters": {
    "num_assets": 4,
    "num_portfolios": 100,
    "ansatz_reps": 2,
    "risk_aversion": 0.8,
    "random_seed": 123
  },
  "tickers": [
    "V",
    "C",
    "BAC",
    "ADBE"
  ],
  "quantum": {
    "return": 0.4958918610185627,
    "risk": 2.077364848184235,
    "sharpe_ratio": 0.2338981818447861,
    "var": -2.9210692440187707,
    "cvar": -3.7891152171967812,
    "max_drawdown": 5.193412120460588,
    "optimal_value": null,
    "optimiser_evals": 0,
    "optimiser_time": 5.915282249450684,
    "circuit_metrics": {
      "depth": 9,
      "num_parameters": 12,
      "gate_counts": {
        "ry": 12,
        "cz": 6,
        "barrier": 4
      }
    },
    "state_metrics": {
      "max_prob_state": 0.9739882068152815,
      "entropy": 0.14413931673721841,
      "num_significant_states": 2
    },
    "weights": [
      0.005711565920990005,
      0.9745359352689196,
      0.002617801047120419,
      0.017134697762970014
    ]
  },
  "classical": {
    "monte_carlo": {
      "return": 0.3977338893606586,
      "risk": 1.4867273531341598,
      "sharpe_ratio": 0.26079690303893277,
      "var": -2.047714989730026,
      "cvar": -2.6689576632207905,
      "max_drawdown": 3.7168183828354
    },
    "mean_variance": {
      "return": 0.18935518264320667,
      "risk": 0.2664393047844647,
      "sharpe_ratio": 0.6731558723601065,
      "var": -0.24889847419394878,
      "cvar": -0.3602325837590837,
      "max_drawdown": 0.6660982619611617
    }
  },
  "data_stats": {
    "mean_returns": [
      0.0007,
      0.002,
      0.0004,
      0.0008
    ],
    "return_stds": [
      0.022,
      0.1343,
      0.0305,
      0.0215
    ],
    "cov_matrix": [
      [
        0.00048399999999999995,
        4.971089151844754e-06,
        -5.882321062872405e-05,
        -1.43503274709903e-06
      ],
      [
        4.971089151844754e-06,
        0.018036490000000002,
        0.00045821383300923376,
        -0.00022131642862735146
      ],
      [
        -5.882321062872405e-05,
        0.00045821383300923376,
        0.00093025,
        2.5002559815004715e-05
      ],
      [
        -1.43503274709903e-06,
        -0.00022131642862735146,
        2.5002559815004715e-05,
        0.00046224999999999993
      ]
    ]
  }
}