{
  "experiment_id": "5f60022f",
  "timestamp": "2025-08-12T01:36:30.583634",
  "parameters": {
    "num_assets": 5,
    "num_portfolios": 250,
    "ansatz_reps": 2,
    "risk_aversion": 0.5,
    "random_seed": 123
  },
  "tickers": [
    "V",
    "C",
    "BAC",
    "ADBE",
    "PEP"
  ],
  "quantum": {
    "return": 0.48406237006237,
    "risk": 2.015577339560889,
    "sharpe_ratio": 0.2351992953868238,
    "var": -2.8312673273155573,
    "cvar": -3.673494822771623,
    "max_drawdown": 5.038943348902222,
    "optimal_value": null,
    "optimiser_evals": 0,
    "optimiser_time": 1.3683090209960938,
    "circuit_metrics": {
      "depth": 11,
      "num_parameters": 15,
      "gate_counts": {
        "ry": 15,
        "cz": 8,
        "barrier": 4
      }
    },
    "state_metrics": {
      "max_prob_state": 0.9407610393869863,
      "entropy": 0.28031526012214647,
      "num_significant_states": 3
    },
    "weights": [
      0.03187803187803188,
      0.9457149457149457,
      0.000693000693000693,
      0.000693000693000693,
      0.021021021021021023
    ]
  },
  "classical": {
    "monte_carlo": {
      "return": 0.416389311536578,
      "risk": 1.6598758234790043,
      "sharpe_ratio": 0.24483115290203417,
      "var": -2.3138634570019234,
      "cvar": -3.0074578084255017,
      "max_drawdown": 4.149689558697511
    },
    "mean_variance": {
      "return": 0.1712963791709375,
      "risk": 0.2248874321837017,
      "sharpe_ratio": 0.7172316283071828,
      "var": -0.19861052931222742,
      "cvar": -0.2925818074418419,
      "max_drawdown": 0.5622185804592542
    }
  },
  "data_stats": {
    "mean_returns": [
      0.0007,
      0.002,
      0.0004,
      0.0008,
      0.0003
    ],
    "return_stds": [
      0.022,
      0.1343,
      0.0305,
      0.0215,
      0.0116
    ],
    "cov_matrix": [
      [
        0.00048399999999999995,
        -0.00025771871216156294,
        -8.65530677463559e-05,
        4.105311380623812e-05,
        2.7092281713471843e-05
      ],
      [
        -0.00025771871216156294,
        0.018036490000000002,
        0.0005085936877816589,
        -0.000291554230188307,
        0.00011289145278066298
      ],
      [
        -8.65530677463559e-05,
        0.0005085936877816589,
        0.00093025,
        -0.00015046911906136718,
        1.3002105441479814e-05
      ],
      [
        4.105311380623812e-05,
        -0.000291554230188307,
        -0.00015046911906136718,
        0.00046224999999999993,
        1.0688119135484266e-05
      ],
      [
        2.7092281713471843e-05,
        0.00011289145278066298,
        1.3002105441479814e-05,
        1.0688119135484266e-05,
        0.00013455999999999999
      ]
    ]
  }
}