{
  "experiment_id": "6223aee7",
  "timestamp": "2025-08-12T01:25:06.690517",
  "parameters": {
    "num_assets": 4,
    "num_portfolios": 500,
    "ansatz_reps": 2,
    "risk_aversion": 0.8,
    "random_seed": 256
  },
  "tickers": [
    "V",
    "C",
    "BAC",
    "ADBE"
  ],
  "quantum": {
    "return": 0.48175325914149447,
    "risk": 1.9804693936694462,
    "sharpe_ratio": 0.23820275165546603,
    "var": -2.775829006102077,
    "cvar": -3.6033863240569417,
    "max_drawdown": 4.951173484173616,
    "optimal_value": null,
    "optimiser_evals": 0,
    "optimiser_time": 0.9918909072875977,
    "circuit_metrics": {
      "depth": 9,
      "num_parameters": 12,
      "gate_counts": {
        "ry": 12,
        "cz": 6,
        "barrier": 4
      }
    },
    "state_metrics": {
      "max_prob_state": 0.9272641060973605,
      "entropy": 0.30950386981022876,
      "num_significant_states": 3
    },
    "weights": [
      0.046104928457869634,
      0.9302748126277538,
      0.0,
      0.023620258914376562
    ]
  },
  "classical": {
    "monte_carlo": {
      "return": 0.44432732754018345,
      "risk": 1.7567980808203723,
      "sharpe_ratio": 0.24722666325851492,
      "var": -2.445348367518591,
      "cvar": -3.1794425739724668,
      "max_drawdown": 4.39199520205093
    },
    "mean_variance": {
      "return": 0.19544389731352213,
      "risk": 0.2698717340271384,
      "sharpe_ratio": 0.6871556889128442,
      "var": -0.24845560321269938,
      "cvar": -0.3612239848484941,
      "max_drawdown": 0.6746793350678459
    }
  },
  "data_stats": {
    "mean_returns": [
      0.0007,
      0.002,
      0.0004,
      0.0008
    ],
    "return_stds": [
      0.022,
      0.1343,
      0.0305,
      0.0215
    ],
    "cov_matrix": [
      [
        0.00048399999999999995,
        -0.0003438153823438453,
        1.730569736639311e-06,
        -5.2696175880535984e-05
      ],
      [
        -0.0003438153823438453,
        0.018036490000000002,
        -0.0002969418465267215,
        -0.0003672704584956916
      ],
      [
        1.730569736639311e-06,
        -0.0002969418465267215,
        0.00093025,
        0.0001386339809204383
      ],
      [
        -5.2696175880535984e-05,
        -0.0003672704584956916,
        0.0001386339809204383,
        0.00046224999999999993
      ]
    ]
  }
}