{
  "experiment_id": "640e11e0",
  "timestamp": "2025-08-12T00:55:28.249852",
  "parameters": {
    "num_assets": 4,
    "num_portfolios": 500,
    "ansatz_reps": 1,
    "risk_aversion": 0.5,
    "random_seed": 45
  },
  "tickers": [
    "V",
    "C",
    "BAC",
    "ADBE"
  ],
  "quantum": {
    "return": 0.5037786777262746,
    "risk": 2.1303586278419937,
    "sharpe_ratio": 0.23178195035943855,
    "var": -3.0003494379869897,
    "cvar": -3.890539348507355,
    "max_drawdown": 5.325896569604984,
    "optimal_value": null,
    "optimiser_evals": 0,
    "optimiser_time": 0.6525382995605469,
    "circuit_metrics": {
      "depth": 5,
      "num_parameters": 8,
      "gate_counts": {
        "ry": 8,
        "cz": 3,
        "barrier": 2
      }
    },
    "state_metrics": {
      "max_prob_state": 0.9982785960206537,
      "entropy": 0.015156761335045158,
      "num_significant_states": 1
    },
    "weights": [
      0.0,
      0.9992681141741888,
      0.0,
      0.0007318858258111735
    ]
  },
  "classical": {
    "monte_carlo": {
      "return": 0.4129514079559455,
      "risk": 1.5836046241047657,
      "sharpe_ratio": 0.25445202787516463,
      "var": -2.191846401659901,
      "cvar": -2.8535701322129396,
      "max_drawdown": 3.959011560261914
    },
    "mean_variance": {
      "return": 0.19352250729979265,
      "risk": 0.2621702287039973,
      "sharpe_ratio": 0.7000127673039425,
      "var": -0.23770914426267425,
      "cvar": -0.347259381195094,
      "max_drawdown": 0.6554255717599933
    }
  },
  "data_stats": {
    "mean_returns": [
      0.0007,
      0.002,
      0.0004,
      0.0008
    ],
    "return_stds": [
      0.022,
      0.1343,
      0.0305,
      0.0215
    ],
    "cov_matrix": [
      [
        0.00048399999999999995,
        -5.305673179885455e-06,
        -0.00012130377989190961,
        9.65079649376644e-06
      ],
      [
        -5.305673179885455e-06,
        0.018036490000000002,
        -0.00039825184946319815,
        -0.000317323366062759
      ],
      [
        -0.00012130377989190961,
        -0.00039825184946319815,
        0.00093025,
        5.2800381068237304e-05
      ],
      [
        9.65079649376644e-06,
        -0.000317323366062759,
        5.2800381068237304e-05,
        0.00046224999999999993
      ]
    ]
  }
}