{
  "experiment_id": "66e797bc",
  "timestamp": "2025-08-12T00:49:18.960332",
  "parameters": {
    "num_assets": 4,
    "num_portfolios": 500,
    "ansatz_reps": 1,
    "risk_aversion": 0.2,
    "random_seed": 256
  },
  "tickers": [
    "V",
    "C",
    "BAC",
    "ADBE"
  ],
  "quantum": {
    "return": 0.18144000000000002,
    "risk": 0.5548812023272056,
    "sharpe_ratio": 0.3089670352518164,
    "var": -0.7312583581750977,
    "cvar": -0.9631205626854471,
    "max_drawdown": 1.387203005818014,
    "optimal_value": null,
    "optimiser_evals": 0,
    "optimiser_time": 0.7332181930541992,
    "circuit_metrics": {
      "depth": 5,
      "num_parameters": 8,
      "gate_counts": {
        "ry": 8,
        "cz": 3,
        "barrier": 2
      }
    },
    "state_metrics": {
      "max_prob_state": 0.9974623022004402,
      "entropy": 0.019905941524920263,
      "num_significant_states": 1
    },
    "weights": [
      0.0,
      0.2,
      0.8,
      0.0
    ]
  },
  "classical": {
    "monte_carlo": {
      "return": 0.44432732754018345,
      "risk": 1.7567980808203723,
      "sharpe_ratio": 0.24722666325851492,
      "var": -2.445348367518591,
      "cvar": -3.1794425739724668,
      "max_drawdown": 4.39199520205093
    },
    "mean_variance": {
      "return": 0.19544389731352213,
      "risk": 0.2698717340271384,
      "sharpe_ratio": 0.6871556889128442,
      "var": -0.24845560321269938,
      "cvar": -0.3612239848484941,
      "max_drawdown": 0.6746793350678459
    }
  },
  "data_stats": {
    "mean_returns": [
      0.0007,
      0.002,
      0.0004,
      0.0008
    ],
    "return_stds": [
      0.022,
      0.1343,
      0.0305,
      0.0215
    ],
    "cov_matrix": [
      [
        0.00048399999999999995,
        -0.0003438153823438453,
        1.730569736639311e-06,
        -5.2696175880535984e-05
      ],
      [
        -0.0003438153823438453,
        0.018036490000000002,
        -0.0002969418465267215,
        -0.0003672704584956916
      ],
      [
        1.730569736639311e-06,
        -0.0002969418465267215,
        0.00093025,
        0.0001386339809204383
      ],
      [
        -5.2696175880535984e-05,
        -0.0003672704584956916,
        0.0001386339809204383,
        0.00046224999999999993
      ]
    ]
  }
}