{
  "experiment_id": "6ab4858d",
  "timestamp": "2025-08-11T23:23:56.335703",
  "parameters": {
    "num_assets": 4,
    "num_portfolios": 250,
    "ansatz_reps": 2,
    "risk_aversion": 0.8,
    "random_seed": 45
  },
  "tickers": [
    "V",
    "C",
    "BAC",
    "ADBE"
  ],
  "quantum": {
    "return": 0.3044839536603402,
    "risk": 1.0794773730541851,
    "sharpe_ratio": 0.2728023402909793,
    "var": -1.4710983186198834,
    "cvar": -1.9221678491530003,
    "max_drawdown": 2.698693432635463,
    "optimal_value": null,
    "optimiser_evals": 0,
    "optimiser_time": 1.9282751083374023,
    "circuit_metrics": {
      "depth": 9,
      "num_parameters": 12,
      "gate_counts": {
        "ry": 12,
        "cz": 6,
        "barrier": 4
      }
    },
    "state_metrics": {
      "max_prob_state": 0.97613721914196,
      "entropy": 0.12446488754096525,
      "num_significant_states": 2
    },
    "weights": [
      0.00012324377618930243,
      0.5048065072713828,
      0.49371456741434555,
      0.0013556815380823268
    ]
  },
  "classical": {
    "monte_carlo": {
      "return": 0.417961138696955,
      "risk": 1.5912498584072323,
      "sharpe_ratio": 0.2563778004701947,
      "var": -2.1994119622901973,
      "cvar": -2.8643303241840234,
      "max_drawdown": 3.978124646018081
    },
    "mean_variance": {
      "return": 0.19352250729979265,
      "risk": 0.2621702287039973,
      "sharpe_ratio": 0.7000127673039425,
      "var": -0.23770914426267425,
      "cvar": -0.347259381195094,
      "max_drawdown": 0.6554255717599933
    }
  },
  "data_stats": {
    "mean_returns": [
      0.0007,
      0.002,
      0.0004,
      0.0008
    ],
    "return_stds": [
      0.022,
      0.1343,
      0.0305,
      0.0215
    ],
    "cov_matrix": [
      [
        0.00048399999999999995,
        -5.305673179885455e-06,
        -0.00012130377989190961,
        9.65079649376644e-06
      ],
      [
        -5.305673179885455e-06,
        0.018036490000000002,
        -0.00039825184946319815,
        -0.000317323366062759
      ],
      [
        -0.00012130377989190961,
        -0.00039825184946319815,
        0.00093025,
        5.2800381068237304e-05
      ],
      [
        9.65079649376644e-06,
        -0.000317323366062759,
        5.2800381068237304e-05,
        0.00046224999999999993
      ]
    ]
  }
}