{
  "experiment_id": "6d3a8969",
  "timestamp": "2025-08-11T23:06:40.609849",
  "parameters": {
    "num_assets": 4,
    "num_portfolios": 250,
    "ansatz_reps": 2,
    "risk_aversion": 0.5,
    "random_seed": 45
  },
  "tickers": [
    "V",
    "C",
    "BAC",
    "ADBE"
  ],
  "quantum": {
    "return": 0.46453018743109153,
    "risk": 1.9155330794776688,
    "sharpe_ratio": 0.2372865247281627,
    "var": -2.6862413458932743,
    "cvar": -3.486664428811639,
    "max_drawdown": 4.788832698694172,
    "optimal_value": null,
    "optimiser_evals": 0,
    "optimiser_time": 1.5265860557556152,
    "circuit_metrics": {
      "depth": 9,
      "num_parameters": 12,
      "gate_counts": {
        "ry": 12,
        "cz": 6,
        "barrier": 4
      }
    },
    "state_metrics": {
      "max_prob_state": 0.89569092839437,
      "entropy": 0.37785309614413043,
      "num_significant_states": 2
    },
    "weights": [
      0.005071664829106946,
      0.9003307607497244,
      0.09128996692392503,
      0.0033076074972436605
    ]
  },
  "classical": {
    "monte_carlo": {
      "return": 0.417961138696955,
      "risk": 1.5912498584072323,
      "sharpe_ratio": 0.2563778004701947,
      "var": -2.1994119622901973,
      "cvar": -2.8643303241840234,
      "max_drawdown": 3.978124646018081
    },
    "mean_variance": {
      "return": 0.19352250729979265,
      "risk": 0.2621702287039973,
      "sharpe_ratio": 0.7000127673039425,
      "var": -0.23770914426267425,
      "cvar": -0.347259381195094,
      "max_drawdown": 0.6554255717599933
    }
  },
  "data_stats": {
    "mean_returns": [
      0.0007,
      0.002,
      0.0004,
      0.0008
    ],
    "return_stds": [
      0.022,
      0.1343,
      0.0305,
      0.0215
    ],
    "cov_matrix": [
      [
        0.00048399999999999995,
        -5.305673179885455e-06,
        -0.00012130377989190961,
        9.65079649376644e-06
      ],
      [
        -5.305673179885455e-06,
        0.018036490000000002,
        -0.00039825184946319815,
        -0.000317323366062759
      ],
      [
        -0.00012130377989190961,
        -0.00039825184946319815,
        0.00093025,
        5.2800381068237304e-05
      ],
      [
        9.65079649376644e-06,
        -0.000317323366062759,
        5.2800381068237304e-05,
        0.00046224999999999993
      ]
    ]
  }
}