{
  "experiment_id": "73f02b1f",
  "timestamp": "2025-08-11T22:47:31.648761",
  "parameters": {
    "num_assets": 3,
    "num_portfolios": 500,
    "ansatz_reps": 2,
    "risk_aversion": 0.2,
    "random_seed": 45
  },
  "tickers": [
    "V",
    "C",
    "BAC"
  ],
  "quantum": {
    "return": 0.29332800000000003,
    "risk": 0.9273341665249561,
    "sharpe_ratio": 0.3055295601387455,
    "var": -1.2320009672045944,
    "cvar": -1.6194960621302525,
    "max_drawdown": 2.31833541631239,
    "optimal_value": null,
    "optimiser_evals": 0,
    "optimiser_time": 7.661178112030029,
    "circuit_metrics": {
      "depth": 7,
      "num_parameters": 9,
      "gate_counts": {
        "ry": 9,
        "barrier": 4,
        "cz": 4
      }
    },
    "state_metrics": {
      "max_prob_state": 0.997186881786745,
      "entropy": 0.02402403014463649,
      "num_significant_states": 1
    },
    "weights": [
      0.2,
      0.44,
      0.36
    ]
  },
  "classical": {
    "monte_carlo": {
      "return": 0.4997629016324428,
      "risk": 2.1046996382717174,
      "sharpe_ratio": 0.23269966541858372,
      "var": -2.9621599320222423,
      "cvar": -3.841627998186878,
      "max_drawdown": 5.261749095679294
    },
    "mean_variance": {
      "return": 0.1797708918707071,
      "risk": 0.3014250598155028,
      "sharpe_ratio": 0.5632275298365073,
      "var": -0.3160292110208871,
      "cvar": -0.441982439514423,
      "max_drawdown": 0.7535626495387571
    }
  },
  "data_stats": {
    "mean_returns": [
      0.0007,
      0.002,
      0.0004
    ],
    "return_stds": [
      0.022,
      0.1343,
      0.0305
    ],
    "cov_matrix": [
      [
        0.00048399999999999995,
        -0.00033076661943811514,
        -0.00013487717933397827
      ],
      [
        -0.00033076661943811514,
        0.018036490000000002,
        -0.0004471368588473331
      ],
      [
        -0.00013487717933397827,
        -0.0004471368588473331,
        0.00093025
      ]
    ]
  }
}