{
  "experiment_id": "77b29f2e",
  "timestamp": "2025-08-11T22:45:37.650532",
  "parameters": {
    "num_assets": 4,
    "num_portfolios": 100,
    "ansatz_reps": 3,
    "risk_aversion": 0.5,
    "random_seed": 45
  },
  "tickers": [
    "V",
    "C",
    "BAC",
    "ADBE"
  ],
  "quantum": {
    "return": 0.36818956239870343,
    "risk": 1.4063783153861105,
    "sharpe_ratio": 0.2546893381958646,
    "var": -1.9450969105300413,
    "cvar": -2.5327650009489466,
    "max_drawdown": 3.515945788465276,
    "optimal_value": null,
    "optimiser_evals": 0,
    "optimiser_time": 11.604474782943726,
    "circuit_metrics": {
      "depth": 13,
      "num_parameters": 16,
      "gate_counts": {
        "ry": 16,
        "cz": 9,
        "barrier": 6
      }
    },
    "state_metrics": {
      "max_prob_state": 0.5087307135436172,
      "entropy": 0.7184656114350255,
      "num_significant_states": 2
    },
    "weights": [
      0.0012965964343598054,
      0.6627228525121556,
      0.33517017828200973,
      0.0008103727714748784
    ]
  },
  "classical": {
    "monte_carlo": {
      "return": 0.34276225727797405,
      "risk": 1.2338926659121696,
      "sharpe_ratio": 0.2696849300356086,
      "var": -1.6868105695164792,
      "cvar": -2.2024039477885413,
      "max_drawdown": 3.084731664780424
    },
    "mean_variance": {
      "return": 0.19352250729979265,
      "risk": 0.2621702287039973,
      "sharpe_ratio": 0.7000127673039425,
      "var": -0.23770914426267425,
      "cvar": -0.347259381195094,
      "max_drawdown": 0.6554255717599933
    }
  },
  "data_stats": {
    "mean_returns": [
      0.0007,
      0.002,
      0.0004,
      0.0008
    ],
    "return_stds": [
      0.022,
      0.1343,
      0.0305,
      0.0215
    ],
    "cov_matrix": [
      [
        0.00048399999999999995,
        -5.305673179885455e-06,
        -0.00012130377989190961,
        9.65079649376644e-06
      ],
      [
        -5.305673179885455e-06,
        0.018036490000000002,
        -0.00039825184946319815,
        -0.000317323366062759
      ],
      [
        -0.00012130377989190961,
        -0.00039825184946319815,
        0.00093025,
        5.2800381068237304e-05
      ],
      [
        9.65079649376644e-06,
        -0.000317323366062759,
        5.2800381068237304e-05,
        0.00046224999999999993
      ]
    ]
  }
}