{
  "experiment_id": "78facbb8",
  "timestamp": "2025-08-12T02:01:27.046312",
  "parameters": {
    "num_assets": 6,
    "num_portfolios": 100,
    "ansatz_reps": 1,
    "risk_aversion": 0.8,
    "random_seed": 45
  },
  "tickers": [
    "V",
    "C",
    "BAC",
    "ADBE",
    "PEP",
    "INTC"
  ],
  "quantum": {
    "return": 0.3040585009140768,
    "risk": 1.0582164362258337,
    "sharpe_ratio": 0.27788124512868734,
    "var": -1.4365526423116468,
    "cvar": -1.878738095203817,
    "max_drawdown": 2.6455410905645844,
    "optimal_value": null,
    "optimiser_evals": 0,
    "optimiser_time": 2.336315155029297,
    "circuit_metrics": {
      "depth": 7,
      "num_parameters": 12,
      "gate_counts": {
        "ry": 12,
        "cz": 5,
        "barrier": 2
      }
    },
    "state_metrics": {
      "max_prob_state": 0.8788503968539726,
      "entropy": 0.5223833088367548,
      "num_significant_states": 3
    },
    "weights": [
      0.0263254113345521,
      0.4987202925045704,
      0.4670322973796466,
      0.0020719073735527118,
      0.0009750152346130408,
      0.004875076173065204
    ]
  },
  "classical": {
    "monte_carlo": {
      "return": 0.27101411168797945,
      "risk": 0.8672567154302296,
      "sharpe_ratio": 0.30096522407266146,
      "var": -1.1554962421854544,
      "cvar": -1.5178874226267796,
      "max_drawdown": 2.168141788575574
    },
    "mean_variance": {
      "return": 0.16682649180467507,
      "risk": 0.21287155835964952,
      "sharpe_ratio": 0.7367188600165856,
      "var": -0.1833160630380064,
      "cvar": -0.27226639797783875,
      "max_drawdown": 0.5321788958991238
    }
  },
  "data_stats": {
    "mean_returns": [
      0.0007,
      0.002,
      0.0004,
      0.0008,
      0.0003,
      0.0004
    ],
    "return_stds": [
      0.022,
      0.1343,
      0.0305,
      0.0215,
      0.0116,
      0.0202
    ],
    "cov_matrix": [
      [
        0.00048399999999999995,
        -0.00035626561385591676,
        5.4787617025299306e-05,
        -6.842127745625751e-05,
        -2.39458509053133e-05,
        2.388820485573935e-05
      ],
      [
        -0.00035626561385591676,
        0.018036490000000002,
        -0.0005083713825070588,
        -7.182905254925815e-05,
        0.00011411372831880138,
        -0.0001947823622605642
      ],
      [
        5.4787617025299306e-05,
        -0.0005083713825070588,
        0.00093025,
        -4.084662345098223e-05,
        8.436821754266292e-05,
        5.065675043029806e-05
      ],
      [
        -6.842127745625751e-05,
        -7.182905254925815e-05,
        -4.084662345098223e-05,
        0.00046224999999999993,
        -5.226210111562324e-05,
        -1.4938420438104013e-05
      ],
      [
        -2.39458509053133e-05,
        0.00011411372831880138,
        8.436821754266292e-05,
        -5.226210111562324e-05,
        0.00013455999999999999,
        4.339058028508684e-06
      ],
      [
        2.388820485573935e-05,
        -0.0001947823622605642,
        5.065675043029806e-05,
        -1.4938420438104013e-05,
        4.339058028508684e-06,
        0.00040804
      ]
    ]
  }
}