{
  "experiment_id": "79a7d83b",
  "timestamp": "2025-08-11T21:59:18.889867",
  "parameters": {
    "num_assets": 3,
    "num_portfolios": 100,
    "ansatz_reps": 3,
    "risk_aversion": 0.2,
    "random_seed": 45
  },
  "tickers": [
    "V",
    "C",
    "BAC"
  ],
  "quantum": {
    "return": 0.2672372093023256,
    "risk": 0.7337718119200871,
    "sharpe_ratio": 0.3505683989538978,
    "var": -0.939710016889183,
    "cvar": -1.246323304933169,
    "max_drawdown": 1.8344295298002178,
    "optimal_value": null,
    "optimiser_evals": 0,
    "optimiser_time": 1.436959981918335,
    "circuit_metrics": {
      "depth": 10,
      "num_parameters": 12,
      "gate_counts": {
        "ry": 12,
        "barrier": 6,
        "cz": 6
      }
    },
    "state_metrics": {
      "max_prob_state": 0.9830253987290722,
      "entropy": 0.11175840652195826,
      "num_significant_states": 1
    },
    "weights": [
      0.34108527131782945,
      0.3488372093023256,
      0.31007751937984496
    ]
  },
  "classical": {
    "monte_carlo": {
      "return": 0.4662448107303109,
      "risk": 1.8890970355825993,
      "sharpe_ratio": 0.24151475659354074,
      "var": -2.6410432999110016,
      "cvar": -3.4304198391902307,
      "max_drawdown": 4.722742588956498
    },
    "mean_variance": {
      "return": 0.1797708918707071,
      "risk": 0.3014250598155028,
      "sharpe_ratio": 0.5632275298365073,
      "var": -0.3160292110208871,
      "cvar": -0.441982439514423,
      "max_drawdown": 0.7535626495387571
    }
  },
  "data_stats": {
    "mean_returns": [
      0.0007,
      0.002,
      0.0004
    ],
    "return_stds": [
      0.022,
      0.1343,
      0.0305
    ],
    "cov_matrix": [
      [
        0.00048399999999999995,
        -0.00033076661943811514,
        -0.00013487717933397827
      ],
      [
        -0.00033076661943811514,
        0.018036490000000002,
        -0.0004471368588473331
      ],
      [
        -0.00013487717933397827,
        -0.0004471368588473331,
        0.00093025
      ]
    ]
  }
}