{
  "experiment_id": "7eec6502",
  "timestamp": "2025-08-12T01:58:17.037028",
  "parameters": {
    "num_assets": 6,
    "num_portfolios": 100,
    "ansatz_reps": 1,
    "risk_aversion": 0.5,
    "random_seed": 123
  },
  "tickers": [
    "V",
    "C",
    "BAC",
    "ADBE",
    "PEP",
    "INTC"
  ],
  "quantum": {
    "return": 0.43911000000000006,
    "risk": 1.7802174849577468,
    "sharpe_ratio": 0.2410435823857695,
    "var": -2.4890871868951776,
    "cvar": -3.232967406371005,
    "max_drawdown": 4.450543712394367,
    "optimal_value": null,
    "optimiser_evals": 0,
    "optimiser_time": 2.083855152130127,
    "circuit_metrics": {
      "depth": 7,
      "num_parameters": 12,
      "gate_counts": {
        "ry": 12,
        "cz": 5,
        "barrier": 2
      }
    },
    "state_metrics": {
      "max_prob_state": 0.8228955934160255,
      "entropy": 0.5573580533574184,
      "num_significant_states": 2
    },
    "weights": [
      0.0018442622950819673,
      0.8389344262295082,
      0.14508196721311475,
      0.0010245901639344263,
      0.007581967213114754,
      0.005532786885245901
    ]
  },
  "classical": {
    "monte_carlo": {
      "return": 0.3558629859115614,
      "risk": 1.2711260034709382,
      "sharpe_ratio": 0.2720918185664895,
      "var": -1.7349532312099405,
      "cvar": -2.2661049014036734,
      "max_drawdown": 3.1778150086773453
    },
    "mean_variance": {
      "return": 0.16509422716589867,
      "risk": 0.2179288518301033,
      "sharpe_ratio": 0.7116736763556653,
      "var": -0.19336683518421666,
      "cvar": -0.28443040662944385,
      "max_drawdown": 0.5448221295752582
    }
  },
  "data_stats": {
    "mean_returns": [
      0.0007,
      0.002,
      0.0004,
      0.0008,
      0.0003,
      0.0004
    ],
    "return_stds": [
      0.022,
      0.1343,
      0.0305,
      0.0215,
      0.0116,
      0.0202
    ],
    "cov_matrix": [
      [
        0.00048399999999999995,
        0.00023657795387747283,
        -6.735020954351752e-05,
        1.175870568101913e-05,
        3.383280969635887e-05,
        -6.463201614272943e-05
      ],
      [
        0.00023657795387747283,
        0.018036490000000002,
        -0.0005645193526612653,
        -6.588141171823623e-05,
        -0.00015603557984558827,
        0.00013245610574677685
      ],
      [
        -6.735020954351752e-05,
        -0.0005645193526612653,
        0.00093025,
        7.325967476364335e-05,
        -4.837007982191309e-05,
        -7.276488736504089e-05
      ],
      [
        1.175870568101913e-05,
        -6.588141171823623e-05,
        7.325967476364335e-05,
        0.00046224999999999993,
        -3.5375976595638113e-06,
        1.3642484579040666e-05
      ],
      [
        3.383280969635887e-05,
        -0.00015603557984558827,
        -4.837007982191309e-05,
        -3.5375976595638113e-06,
        0.00013455999999999999,
        3.993263689110595e-06
      ],
      [
        -6.463201614272943e-05,
        0.00013245610574677685,
        -7.276488736504089e-05,
        1.3642484579040666e-05,
        3.993263689110595e-06,
        0.00040804
      ]
    ]
  }
}