{
  "experiment_id": "8aa60ec6",
  "timestamp": "2025-08-12T00:51:34.060836",
  "parameters": {
    "num_assets": 3,
    "num_portfolios": 500,
    "ansatz_reps": 2,
    "risk_aversion": 0.8,
    "random_seed": 45
  },
  "tickers": [
    "V",
    "C",
    "BAC"
  ],
  "quantum": {
    "return": 0.442735238856686,
    "risk": 1.7351343999331037,
    "sharpe_ratio": 0.24939580407913625,
    "var": -2.411306872121546,
    "cvar": -3.1363487106320416,
    "max_drawdown": 4.337835999832759,
    "optimal_value": null,
    "optimiser_evals": 0,
    "optimiser_time": 0.816626787185669,
    "circuit_metrics": {
      "depth": 7,
      "num_parameters": 9,
      "gate_counts": {
        "ry": 9,
        "barrier": 4,
        "cz": 4
      }
    },
    "state_metrics": {
      "max_prob_state": 0.7835993969443936,
      "entropy": 0.6099658926382084,
      "num_significant_states": 3
    },
    "weights": [
      0.16610033979612232,
      0.8169098540875475,
      0.016989806116330202
    ]
  },
  "classical": {
    "monte_carlo": {
      "return": 0.4997629016324428,
      "risk": 2.1046996382717174,
      "sharpe_ratio": 0.23269966541858372,
      "var": -2.9621599320222423,
      "cvar": -3.841627998186878,
      "max_drawdown": 5.261749095679294
    },
    "mean_variance": {
      "return": 0.1797708918707071,
      "risk": 0.3014250598155028,
      "sharpe_ratio": 0.5632275298365073,
      "var": -0.3160292110208871,
      "cvar": -0.441982439514423,
      "max_drawdown": 0.7535626495387571
    }
  },
  "data_stats": {
    "mean_returns": [
      0.0007,
      0.002,
      0.0004
    ],
    "return_stds": [
      0.022,
      0.1343,
      0.0305
    ],
    "cov_matrix": [
      [
        0.00048399999999999995,
        -0.00033076661943811514,
        -0.00013487717933397827
      ],
      [
        -0.00033076661943811514,
        0.018036490000000002,
        -0.0004471368588473331
      ],
      [
        -0.00013487717933397827,
        -0.0004471368588473331,
        0.00093025
      ]
    ]
  }
}