{
  "experiment_id": "8e674d6f",
  "timestamp": "2025-08-12T01:49:30.566472",
  "parameters": {
    "num_assets": 6,
    "num_portfolios": 100,
    "ansatz_reps": 3,
    "risk_aversion": 0.8,
    "random_seed": 256
  },
  "tickers": [
    "V",
    "C",
    "BAC",
    "ADBE",
    "PEP",
    "INTC"
  ],
  "quantum": {
    "return": 0.46588905874645115,
    "risk": 1.904232284476738,
    "sharpe_ratio": 0.23940832348177754,
    "var": -2.666294320933199,
    "cvar": -3.4619952629128434,
    "max_drawdown": 4.760580711191845,
    "optimal_value": null,
    "optimiser_evals": 0,
    "optimiser_time": 2.7579379081726074,
    "circuit_metrics": {
      "depth": 19,
      "num_parameters": 24,
      "gate_counts": {
        "ry": 24,
        "cz": 15,
        "barrier": 6
      }
    },
    "state_metrics": {
      "max_prob_state": 0.9089121372537298,
      "entropy": 0.4608064391063881,
      "num_significant_states": 4
    },
    "weights": [
      0.0010919414719371041,
      0.8927713474557764,
      0.02380432408822887,
      0.05263157894736842,
      0.0104826381305962,
      0.019218169906093034
    ]
  },
  "classical": {
    "monte_carlo": {
      "return": 0.3850125813371275,
      "risk": 1.4232533738795388,
      "sharpe_ratio": 0.26348968372012993,
      "var": -1.9560308927595513,
      "cvar": -2.550750381292354,
      "max_drawdown": 3.558133434698847
    },
    "mean_variance": {
      "return": 0.162370222638218,
      "risk": 0.2143432100376269,
      "sharpe_ratio": 0.7108703028729957,
      "var": -0.19019298380459376,
      "cvar": -0.27975826190864955,
      "max_drawdown": 0.5358580250940672
    }
  },
  "data_stats": {
    "mean_returns": [
      0.0007,
      0.002,
      0.0004,
      0.0008,
      0.0003,
      0.0004
    ],
    "return_stds": [
      0.022,
      0.1343,
      0.0305,
      0.0215,
      0.0116,
      0.0202
    ],
    "cov_matrix": [
      [
        0.00048399999999999995,
        -3.117172015141545e-05,
        -5.0800990846564324e-05,
        -9.701786745959596e-05,
        -4.112338184371824e-05,
        -5.847616228922586e-05
      ],
      [
        -3.117172015141545e-05,
        0.018036490000000002,
        0.0004037150941287723,
        -8.345752612987751e-05,
        0.0001230825554758354,
        -1.0653101473800094e-05
      ],
      [
        -5.0800990846564324e-05,
        0.0004037150941287723,
        0.00093025,
        2.757966418662392e-05,
        1.2068810246438257e-05,
        6.10399182583476e-05
      ],
      [
        -9.701786745959596e-05,
        -8.345752612987751e-05,
        2.757966418662392e-05,
        0.00046224999999999993,
        3.7565316009805736e-05,
        7.805841158221368e-05
      ],
      [
        -4.112338184371824e-05,
        0.0001230825554758354,
        1.2068810246438257e-05,
        3.7565316009805736e-05,
        0.00013455999999999999,
        -2.174979673852981e-05
      ],
      [
        -5.847616228922586e-05,
        -1.0653101473800094e-05,
        6.10399182583476e-05,
        7.805841158221368e-05,
        -2.174979673852981e-05,
        0.00040804
      ]
    ]
  }
}