{
  "experiment_id": "926a0091",
  "timestamp": "2025-08-11T21:52:54.701594",
  "parameters": {
    "num_assets": 3,
    "num_portfolios": 500,
    "ansatz_reps": 1,
    "risk_aversion": 0.8,
    "random_seed": 45
  },
  "tickers": [
    "V",
    "C",
    "BAC"
  ],
  "quantum": {
    "return": 0.4608815864022663,
    "risk": 1.8979331954233962,
    "sharpe_ratio": 0.23756451886162536,
    "var": -2.6609407138015038,
    "cvar": -3.4540095235910697,
    "max_drawdown": 4.744832988558491,
    "optimal_value": null,
    "optimiser_evals": 0,
    "optimiser_time": 5.144749164581299,
    "circuit_metrics": {
      "depth": 4,
      "num_parameters": 6,
      "gate_counts": {
        "ry": 6,
        "barrier": 2,
        "cz": 2
      }
    },
    "state_metrics": {
      "max_prob_state": 0.8801161006778037,
      "entropy": 0.37792732002776014,
      "num_significant_states": 2
    },
    "weights": [
      0.0026149487905861844,
      0.8925691871867509,
      0.1048158640226629
    ]
  },
  "classical": {
    "monte_carlo": {
      "return": 0.4997629016324428,
      "risk": 2.1046996382717174,
      "sharpe_ratio": 0.23269966541858372,
      "var": -2.9621599320222423,
      "cvar": -3.841627998186878,
      "max_drawdown": 5.261749095679294
    },
    "mean_variance": {
      "return": 0.1797708918707071,
      "risk": 0.3014250598155028,
      "sharpe_ratio": 0.5632275298365073,
      "var": -0.3160292110208871,
      "cvar": -0.441982439514423,
      "max_drawdown": 0.7535626495387571
    }
  },
  "data_stats": {
    "mean_returns": [
      0.0007,
      0.002,
      0.0004
    ],
    "return_stds": [
      0.022,
      0.1343,
      0.0305
    ],
    "cov_matrix": [
      [
        0.00048399999999999995,
        -0.00033076661943811514,
        -0.00013487717933397827
      ],
      [
        -0.00033076661943811514,
        0.018036490000000002,
        -0.0004471368588473331
      ],
      [
        -0.00013487717933397827,
        -0.0004471368588473331,
        0.00093025
      ]
    ]
  }
}