{
  "experiment_id": "933a582d",
  "timestamp": "2025-08-11T22:41:05.748808",
  "parameters": {
    "num_assets": 4,
    "num_portfolios": 100,
    "ansatz_reps": 1,
    "risk_aversion": 0.8,
    "random_seed": 256
  },
  "tickers": [
    "V",
    "C",
    "BAC",
    "ADBE"
  ],
  "quantum": {
    "return": 0.33282775238886586,
    "risk": 1.207158113780774,
    "sharpe_ratio": 0.26742789424475755,
    "var": -1.652770649367338,
    "cvar": -2.157192749593245,
    "max_drawdown": 3.017895284451935,
    "optimal_value": null,
    "optimiser_evals": 0,
    "optimiser_time": 4.433334112167358,
    "circuit_metrics": {
      "depth": 5,
      "num_parameters": 8,
      "gate_counts": {
        "ry": 8,
        "cz": 3,
        "barrier": 2
      }
    },
    "state_metrics": {
      "max_prob_state": 0.6509569730706704,
      "entropy": 0.9002752179643392,
      "num_significant_states": 5
    },
    "weights": [
      0.011771222822323778,
      0.5662650602409639,
      0.39398975211189585,
      0.027973964824816507
    ]
  },
  "classical": {
    "monte_carlo": {
      "return": 0.36480346000148417,
      "risk": 1.2304227009582998,
      "sharpe_ratio": 0.28835900030546396,
      "var": -1.6590617823532017,
      "cvar": -2.173205203913082,
      "max_drawdown": 3.0760567523957496
    },
    "mean_variance": {
      "return": 0.19544389731352213,
      "risk": 0.2698717340271384,
      "sharpe_ratio": 0.6871556889128442,
      "var": -0.24845560321269938,
      "cvar": -0.3612239848484941,
      "max_drawdown": 0.6746793350678459
    }
  },
  "data_stats": {
    "mean_returns": [
      0.0007,
      0.002,
      0.0004,
      0.0008
    ],
    "return_stds": [
      0.022,
      0.1343,
      0.0305,
      0.0215
    ],
    "cov_matrix": [
      [
        0.00048399999999999995,
        -0.0003438153823438453,
        1.730569736639311e-06,
        -5.2696175880535984e-05
      ],
      [
        -0.0003438153823438453,
        0.018036490000000002,
        -0.0002969418465267215,
        -0.0003672704584956916
      ],
      [
        1.730569736639311e-06,
        -0.0002969418465267215,
        0.00093025,
        0.0001386339809204383
      ],
      [
        -5.2696175880535984e-05,
        -0.0003672704584956916,
        0.0001386339809204383,
        0.00046224999999999993
      ]
    ]
  }
}