{
  "experiment_id": "937c6039",
  "timestamp": "2025-08-12T02:01:46.933405",
  "parameters": {
    "num_assets": 6,
    "num_portfolios": 250,
    "ansatz_reps": 3,
    "risk_aversion": 0.5,
    "random_seed": 45
  },
  "tickers": [
    "V",
    "C",
    "BAC",
    "ADBE",
    "PEP",
    "INTC"
  ],
  "quantum": {
    "return": 0.3088629241831714,
    "risk": 1.0946311663947523,
    "sharpe_ratio": 0.27302614191728003,
    "var": -1.4916451200353573,
    "cvar": -1.949046802236078,
    "max_drawdown": 2.7365779159868806,
    "optimal_value": null,
    "optimiser_evals": 0,
    "optimiser_time": 3.2722833156585693,
    "circuit_metrics": {
      "depth": 19,
      "num_parameters": 24,
      "gate_counts": {
        "ry": 24,
        "cz": 15,
        "barrier": 6
      }
    },
    "state_metrics": {
      "max_prob_state": 0.9052157835355459,
      "entropy": 0.38438004925384284,
      "num_significant_states": 2
    },
    "weights": [
      0.0008830579033682352,
      0.5155796644379967,
      0.47369748959253183,
      0.0022707203229468905,
      0.004541440645893781,
      0.0030276270972625207
    ]
  },
  "classical": {
    "monte_carlo": {
      "return": 0.2612069438073772,
      "risk": 0.7660504484685702,
      "sharpe_ratio": 0.3279248048344218,
      "var": -0.9988339147839522,
      "cvar": -1.318935127445551,
      "max_drawdown": 1.9151261211714254
    },
    "mean_variance": {
      "return": 0.16682649180467507,
      "risk": 0.21287155835964952,
      "sharpe_ratio": 0.7367188600165856,
      "var": -0.1833160630380064,
      "cvar": -0.27226639797783875,
      "max_drawdown": 0.5321788958991238
    }
  },
  "data_stats": {
    "mean_returns": [
      0.0007,
      0.002,
      0.0004,
      0.0008,
      0.0003,
      0.0004
    ],
    "return_stds": [
      0.022,
      0.1343,
      0.0305,
      0.0215,
      0.0116,
      0.0202
    ],
    "cov_matrix": [
      [
        0.00048399999999999995,
        -0.00035626561385591676,
        5.4787617025299306e-05,
        -6.842127745625751e-05,
        -2.39458509053133e-05,
        2.388820485573935e-05
      ],
      [
        -0.00035626561385591676,
        0.018036490000000002,
        -0.0005083713825070588,
        -7.182905254925815e-05,
        0.00011411372831880138,
        -0.0001947823622605642
      ],
      [
        5.4787617025299306e-05,
        -0.0005083713825070588,
        0.00093025,
        -4.084662345098223e-05,
        8.436821754266292e-05,
        5.065675043029806e-05
      ],
      [
        -6.842127745625751e-05,
        -7.182905254925815e-05,
        -4.084662345098223e-05,
        0.00046224999999999993,
        -5.226210111562324e-05,
        -1.4938420438104013e-05
      ],
      [
        -2.39458509053133e-05,
        0.00011411372831880138,
        8.436821754266292e-05,
        -5.226210111562324e-05,
        0.00013455999999999999,
        4.339058028508684e-06
      ],
      [
        2.388820485573935e-05,
        -0.0001947823622605642,
        5.065675043029806e-05,
        -1.4938420438104013e-05,
        4.339058028508684e-06,
        0.00040804
      ]
    ]
  }
}