{
  "experiment_id": "958c17dd",
  "timestamp": "2025-08-12T00:58:13.784434",
  "parameters": {
    "num_assets": 4,
    "num_portfolios": 250,
    "ansatz_reps": 3,
    "risk_aversion": 0.5,
    "random_seed": 256
  },
  "tickers": [
    "V",
    "C",
    "BAC",
    "ADBE"
  ],
  "quantum": {
    "return": 0.3243189811678635,
    "risk": 1.1853548130492708,
    "sharpe_ratio": 0.26516868848686104,
    "var": -1.6254161823006137,
    "cvar": -2.1207275731494395,
    "max_drawdown": 2.963387032623177,
    "optimal_value": null,
    "optimiser_evals": 0,
    "optimiser_time": 1.2845888137817383,
    "circuit_metrics": {
      "depth": 13,
      "num_parameters": 16,
      "gate_counts": {
        "ry": 16,
        "cz": 9,
        "barrier": 6
      }
    },
    "state_metrics": {
      "max_prob_state": 0.8043443147160968,
      "entropy": 0.5074033067965169,
      "num_significant_states": 2
    },
    "weights": [
      0.0,
      0.5541254572551145,
      0.4449261617666983,
      0.0009483809781872375
    ]
  },
  "classical": {
    "monte_carlo": {
      "return": 0.4005618376336373,
      "risk": 1.5138061828474916,
      "sharpe_ratio": 0.2579998959305244,
      "var": -2.0894277527246223,
      "cvar": -2.721985563809814,
      "max_drawdown": 3.784515457118729
    },
    "mean_variance": {
      "return": 0.19544389731352213,
      "risk": 0.2698717340271384,
      "sharpe_ratio": 0.6871556889128442,
      "var": -0.24845560321269938,
      "cvar": -0.3612239848484941,
      "max_drawdown": 0.6746793350678459
    }
  },
  "data_stats": {
    "mean_returns": [
      0.0007,
      0.002,
      0.0004,
      0.0008
    ],
    "return_stds": [
      0.022,
      0.1343,
      0.0305,
      0.0215
    ],
    "cov_matrix": [
      [
        0.00048399999999999995,
        -0.0003438153823438453,
        1.730569736639311e-06,
        -5.2696175880535984e-05
      ],
      [
        -0.0003438153823438453,
        0.018036490000000002,
        -0.0002969418465267215,
        -0.0003672704584956916
      ],
      [
        1.730569736639311e-06,
        -0.0002969418465267215,
        0.00093025,
        0.0001386339809204383
      ],
      [
        -5.2696175880535984e-05,
        -0.0003672704584956916,
        0.0001386339809204383,
        0.00046224999999999993
      ]
    ]
  }
}