{
  "experiment_id": "96f7698f",
  "timestamp": "2025-08-11T22:30:17.868446",
  "parameters": {
    "num_assets": 3,
    "num_portfolios": 250,
    "ansatz_reps": 1,
    "risk_aversion": 0.5,
    "random_seed": 123
  },
  "tickers": [
    "V",
    "C",
    "BAC"
  ],
  "quantum": {
    "return": 0.40478659793814437,
    "risk": 1.615433180926544,
    "sharpe_ratio": 0.2443843562206092,
    "var": -2.252364528806635,
    "cvar": -2.927388114031501,
    "max_drawdown": 4.03858295231636,
    "optimal_value": null,
    "optimiser_evals": 0,
    "optimiser_time": 4.090085744857788,
    "circuit_metrics": {
      "depth": 4,
      "num_parameters": 6,
      "gate_counts": {
        "ry": 6,
        "barrier": 2,
        "cz": 2
      }
    },
    "state_metrics": {
      "max_prob_state": 0.6628719432564699,
      "entropy": 0.6482730840729357,
      "num_significant_states": 2
    },
    "weights": [
      0.0003681885125184094,
      0.7538659793814433,
      0.24576583210603828
    ]
  },
  "classical": {
    "monte_carlo": {
      "return": 0.47494042071968656,
      "risk": 1.9567233726366295,
      "sharpe_ratio": 0.2376117274529166,
      "var": -2.74358311570239,
      "cvar": -3.5612179407670173,
      "max_drawdown": 4.891808431591574
    },
    "mean_variance": {
      "return": 0.17571440840111416,
      "risk": 0.3418361726230619,
      "sharpe_ratio": 0.4847772754109472,
      "var": -0.3865560599611386,
      "cvar": -0.5293954429377953,
      "max_drawdown": 0.8545904315576547
    }
  },
  "data_stats": {
    "mean_returns": [
      0.0007,
      0.002,
      0.0004
    ],
    "return_stds": [
      0.022,
      0.1343,
      0.0305
    ],
    "cov_matrix": [
      [
        0.00048399999999999995,
        -0.0001440774312669895,
        4.179303073729718e-05
      ],
      [
        -0.0001440774312669895,
        0.018036490000000002,
        0.00013263685810295953
      ],
      [
        4.179303073729718e-05,
        0.00013263685810295953,
        0.00093025
      ]
    ]
  }
}