{
  "experiment_id": "9793d371",
  "timestamp": "2025-08-12T02:31:21.956334",
  "parameters": {
    "num_assets": 5,
    "num_portfolios": 500,
    "ansatz_reps": 3,
    "risk_aversion": 0.5,
    "random_seed": 45
  },
  "tickers": [
    "V",
    "C",
    "BAC",
    "ADBE",
    "PEP"
  ],
  "quantum": {
    "return": 0.4503994082840237,
    "risk": 1.8421607890911496,
    "sharpe_ratio": 0.23906675839154062,
    "var": -2.5796854470803394,
    "cvar": -3.349449244862279,
    "max_drawdown": 4.605401972727874,
    "optimal_value": null,
    "optimiser_evals": 0,
    "optimiser_time": 1.1446819305419922,
    "circuit_metrics": {
      "depth": 16,
      "num_parameters": 20,
      "gate_counts": {
        "ry": 20,
        "cz": 12,
        "barrier": 6
      }
    },
    "state_metrics": {
      "max_prob_state": 0.8510408749699822,
      "entropy": 0.49156746889189384,
      "num_significant_states": 2
    },
    "weights": [
      0.0010566356720202875,
      0.8651732882502113,
      0.12383770076077769,
      0.0073964497041420114,
      0.00253592561284869
    ]
  },
  "classical": {
    "monte_carlo": {
      "return": 0.3370549904683391,
      "risk": 1.227543407968809,
      "sharpe_ratio": 0.2664304890117982,
      "var": -1.6820742363695267,
      "cvar": -2.195014518920238,
      "max_drawdown": 3.0688585199220224
    },
    "mean_variance": {
      "return": 0.1719228189229482,
      "risk": 0.23120842238160824,
      "sharpe_ratio": 0.7003327009242573,
      "var": -0.208381193213168,
      "cvar": -0.304993755127182,
      "max_drawdown": 0.5780210559540206
    }
  },
  "data_stats": {
    "mean_returns": [
      0.0007,
      0.002,
      0.0004,
      0.0008,
      0.0003
    ],
    "return_stds": [
      0.022,
      0.1343,
      0.0305,
      0.0215,
      0.0116
    ],
    "cov_matrix": [
      [
        0.00048399999999999995,
        1.9812983212494825e-05,
        2.7704788265853345e-05,
        -9.082213396659272e-05,
        -3.5088075777496195e-06
      ],
      [
        1.9812983212494825e-05,
        0.018036490000000002,
        -0.00022926945880017894,
        7.965379685163005e-05,
        -0.00012158353950172939
      ],
      [
        2.7704788265853345e-05,
        -0.00022926945880017894,
        0.00093025,
        2.82140531089135e-05,
        -1.6425242173370383e-05
      ],
      [
        -9.082213396659272e-05,
        7.965379685163005e-05,
        2.82140531089135e-05,
        0.00046224999999999993,
        -1.7340309767550264e-05
      ],
      [
        -3.5088075777496195e-06,
        -0.00012158353950172939,
        -1.6425242173370383e-05,
        -1.7340309767550264e-05,
        0.00013455999999999999
      ]
    ]
  }
}