{
  "experiment_id": "9865bd1b",
  "timestamp": "2025-08-12T02:46:10.493424",
  "parameters": {
    "num_assets": 6,
    "num_portfolios": 500,
    "ansatz_reps": 2,
    "risk_aversion": 0.2,
    "random_seed": 256
  },
  "tickers": [
    "V",
    "C",
    "BAC",
    "ADBE",
    "PEP",
    "INTC"
  ],
  "quantum": {
    "return": 0.4533492537313433,
    "risk": 1.8210849791766666,
    "sharpe_ratio": 0.24345335819077846,
    "var": -2.5420689792542426,
    "cvar": -3.3030260563757636,
    "max_drawdown": 4.5527124479416665,
    "optimal_value": null,
    "optimiser_evals": 0,
    "optimiser_time": 0.942645788192749,
    "circuit_metrics": {
      "depth": 13,
      "num_parameters": 18,
      "gate_counts": {
        "ry": 18,
        "cz": 10,
        "barrier": 4
      }
    },
    "state_metrics": {
      "max_prob_state": 0.8549520248134896,
      "entropy": 0.5040618794742635,
      "num_significant_states": 2
    },
    "weights": [
      0.09286898839137644,
      0.8540630182421227,
      0.009950248756218905,
      0.011608623548922056,
      0.0,
      0.03150912106135987
    ]
  },
  "classical": {
    "monte_carlo": {
      "return": 0.3850125813371275,
      "risk": 1.4232533738795388,
      "sharpe_ratio": 0.26348968372012993,
      "var": -1.9560308927595513,
      "cvar": -2.550750381292354,
      "max_drawdown": 3.558133434698847
    },
    "mean_variance": {
      "return": 0.162370222638218,
      "risk": 0.2143432100376269,
      "sharpe_ratio": 0.7108703028729957,
      "var": -0.19019298380459376,
      "cvar": -0.27975826190864955,
      "max_drawdown": 0.5358580250940672
    }
  },
  "data_stats": {
    "mean_returns": [
      0.0007,
      0.002,
      0.0004,
      0.0008,
      0.0003,
      0.0004
    ],
    "return_stds": [
      0.022,
      0.1343,
      0.0305,
      0.0215,
      0.0116,
      0.0202
    ],
    "cov_matrix": [
      [
        0.00048399999999999995,
        -3.117172015141545e-05,
        -5.0800990846564324e-05,
        -9.701786745959596e-05,
        -4.112338184371824e-05,
        -5.847616228922586e-05
      ],
      [
        -3.117172015141545e-05,
        0.018036490000000002,
        0.0004037150941287723,
        -8.345752612987751e-05,
        0.0001230825554758354,
        -1.0653101473800094e-05
      ],
      [
        -5.0800990846564324e-05,
        0.0004037150941287723,
        0.00093025,
        2.757966418662392e-05,
        1.2068810246438257e-05,
        6.10399182583476e-05
      ],
      [
        -9.701786745959596e-05,
        -8.345752612987751e-05,
        2.757966418662392e-05,
        0.00046224999999999993,
        3.7565316009805736e-05,
        7.805841158221368e-05
      ],
      [
        -4.112338184371824e-05,
        0.0001230825554758354,
        1.2068810246438257e-05,
        3.7565316009805736e-05,
        0.00013455999999999999,
        -2.174979673852981e-05
      ],
      [
        -5.847616228922586e-05,
        -1.0653101473800094e-05,
        6.10399182583476e-05,
        7.805841158221368e-05,
        -2.174979673852981e-05,
        0.00040804
      ]
    ]
  }
}