{
  "experiment_id": "988e0d9c",
  "timestamp": "2025-08-12T01:28:52.625826",
  "parameters": {
    "num_assets": 4,
    "num_portfolios": 500,
    "ansatz_reps": 1,
    "risk_aversion": 0.8,
    "random_seed": 256
  },
  "tickers": [
    "V",
    "C",
    "BAC",
    "ADBE"
  ],
  "quantum": {
    "return": 0.3314441270281514,
    "risk": 1.211806966559348,
    "sharpe_ratio": 0.26526017418501835,
    "var": -1.6618009570820533,
    "cvar": -2.1681656231205406,
    "max_drawdown": 3.0295174163983702,
    "optimal_value": null,
    "optimiser_evals": 0,
    "optimiser_time": 0.7325770854949951,
    "circuit_metrics": {
      "depth": 5,
      "num_parameters": 8,
      "gate_counts": {
        "ry": 8,
        "cz": 3,
        "barrier": 2
      }
    },
    "state_metrics": {
      "max_prob_state": 0.7056929463844063,
      "entropy": 0.7485905286107648,
      "num_significant_states": 3
    },
    "weights": [
      0.006240465954791291,
      0.5677437248647899,
      0.4135348772708362,
      0.012480931909582582
    ]
  },
  "classical": {
    "monte_carlo": {
      "return": 0.44432732754018345,
      "risk": 1.7567980808203723,
      "sharpe_ratio": 0.24722666325851492,
      "var": -2.445348367518591,
      "cvar": -3.1794425739724668,
      "max_drawdown": 4.39199520205093
    },
    "mean_variance": {
      "return": 0.19544389731352213,
      "risk": 0.2698717340271384,
      "sharpe_ratio": 0.6871556889128442,
      "var": -0.24845560321269938,
      "cvar": -0.3612239848484941,
      "max_drawdown": 0.6746793350678459
    }
  },
  "data_stats": {
    "mean_returns": [
      0.0007,
      0.002,
      0.0004,
      0.0008
    ],
    "return_stds": [
      0.022,
      0.1343,
      0.0305,
      0.0215
    ],
    "cov_matrix": [
      [
        0.00048399999999999995,
        -0.0003438153823438453,
        1.730569736639311e-06,
        -5.2696175880535984e-05
      ],
      [
        -0.0003438153823438453,
        0.018036490000000002,
        -0.0002969418465267215,
        -0.0003672704584956916
      ],
      [
        1.730569736639311e-06,
        -0.0002969418465267215,
        0.00093025,
        0.0001386339809204383
      ],
      [
        -5.2696175880535984e-05,
        -0.0003672704584956916,
        0.0001386339809204383,
        0.00046224999999999993
      ]
    ]
  }
}