{
  "experiment_id": "9afbe56d",
  "timestamp": "2025-08-11T22:28:23.358044",
  "parameters": {
    "num_assets": 3,
    "num_portfolios": 250,
    "ansatz_reps": 3,
    "risk_aversion": 0.8,
    "random_seed": 256
  },
  "tickers": [
    "V",
    "C",
    "BAC"
  ],
  "quantum": {
    "return": 0.3129746247594612,
    "risk": 1.1056564618894784,
    "sharpe_ratio": 0.27402238869178386,
    "var": -1.5056684167417793,
    "cvar": -1.9676771198833136,
    "max_drawdown": 2.764141154723696,
    "optimal_value": null,
    "optimiser_evals": 0,
    "optimiser_time": 6.290893077850342,
    "circuit_metrics": {
      "depth": 10,
      "num_parameters": 12,
      "gate_counts": {
        "ry": 12,
        "barrier": 6,
        "cz": 6
      }
    },
    "state_metrics": {
      "max_prob_state": 0.8946760973898646,
      "entropy": 0.37201596476086063,
      "num_significant_states": 2
    },
    "weights": [
      0.004746632456703015,
      0.5253367543296985,
      0.46991661321359846
    ]
  },
  "classical": {
    "monte_carlo": {
      "return": 0.42288366003341826,
      "risk": 1.6392229047213132,
      "sharpe_ratio": 0.2518776786514054,
      "var": -2.2733980801793607,
      "cvar": -2.958362419894762,
      "max_drawdown": 4.098057261803283
    },
    "mean_variance": {
      "return": 0.18139059455980017,
      "risk": 0.309051515958086,
      "sharpe_ratio": 0.5545696613992483,
      "var": -0.32695391237870836,
      "cvar": -0.4560939255865298,
      "max_drawdown": 0.772628789895215
    }
  },
  "data_stats": {
    "mean_returns": [
      0.0007,
      0.002,
      0.0004
    ],
    "return_stds": [
      0.022,
      0.1343,
      0.0305
    ],
    "cov_matrix": [
      [
        0.00048399999999999995,
        -0.0002921829412602865,
        -8.415312221504905e-05
      ],
      [
        -0.0002921829412602865,
        0.018036490000000002,
        -0.0006687651949791408
      ],
      [
        -8.415312221504905e-05,
        -0.0006687651949791408,
        0.00093025
      ]
    ]
  }
}