{
  "experiment_id": "9cc9ee63",
  "timestamp": "2025-08-12T01:28:30.834876",
  "parameters": {
    "num_assets": 5,
    "num_portfolios": 100,
    "ansatz_reps": 1,
    "risk_aversion": 0.2,
    "random_seed": 256
  },
  "tickers": [
    "V",
    "C",
    "BAC",
    "ADBE",
    "PEP"
  ],
  "quantum": {
    "return": 0.22812631578947368,
    "risk": 0.47111407880958256,
    "sharpe_ratio": 0.46300105558432514,
    "var": -0.5467873854483698,
    "cvar": -0.7436467283681159,
    "max_drawdown": 1.1777851970239563,
    "optimal_value": null,
    "optimiser_evals": 0,
    "optimiser_time": 0.9523448944091797,
    "circuit_metrics": {
      "depth": 6,
      "num_parameters": 10,
      "gate_counts": {
        "ry": 10,
        "cz": 4,
        "barrier": 2
      }
    },
    "state_metrics": {
      "max_prob_state": 0.9954791347600119,
      "entropy": 0.03755679829175,
      "num_significant_states": 1
    },
    "weights": [
      0.3157894736842105,
      0.21052631578947367,
      0.15789473684210525,
      0.21052631578947367,
      0.10526315789473684
    ]
  },
  "classical": {
    "monte_carlo": {
      "return": 0.38999332662964126,
      "risk": 1.479638758318833,
      "sharpe_ratio": 0.2568149316806151,
      "var": -2.043795851569064,
      "cvar": -2.6620764906390026,
      "max_drawdown": 3.6990968957970827
    },
    "mean_variance": {
      "return": 0.17065674653381016,
      "risk": 0.2292238048876991,
      "sharpe_ratio": 0.7008728723114896,
      "var": -0.20638286031933825,
      "cvar": -0.30216613159363037,
      "max_drawdown": 0.5730595122192478
    }
  },
  "data_stats": {
    "mean_returns": [
      0.0007,
      0.002,
      0.0004,
      0.0008,
      0.0003
    ],
    "return_stds": [
      0.022,
      0.1343,
      0.0305,
      0.0215,
      0.0116
    ],
    "cov_matrix": [
      [
        0.00048399999999999995,
        -9.698814420071563e-06,
        -8.448351085983138e-05,
        -7.547026447103548e-05,
        -1.666829537589477e-05
      ],
      [
        -9.698814420071563e-06,
        0.018036490000000002,
        -0.0002417558797677352,
        0.00018836259187373554,
        0.00014335425857875568
      ],
      [
        -8.448351085983138e-05,
        -0.0002417558797677352,
        0.00093025,
        -1.2941487301863714e-05,
        6.323889416292428e-05
      ],
      [
        -7.547026447103548e-05,
        0.00018836259187373554,
        -1.2941487301863714e-05,
        0.00046224999999999993,
        1.2364284235789243e-05
      ],
      [
        -1.666829537589477e-05,
        0.00014335425857875568,
        6.323889416292428e-05,
        1.2364284235789243e-05,
        0.00013455999999999999
      ]
    ]
  }
}