{
  "experiment_id": "9e8be730",
  "timestamp": "2025-08-11T23:07:14.301340",
  "parameters": {
    "num_assets": 3,
    "num_portfolios": 250,
    "ansatz_reps": 3,
    "risk_aversion": 0.2,
    "random_seed": 123
  },
  "tickers": [
    "V",
    "C",
    "BAC"
  ],
  "quantum": {
    "return": 0.1008,
    "risk": 0.4841724899248201,
    "sharpe_ratio": 0.18753647076086247,
    "var": -0.6955928761229654,
    "cvar": -0.8979087960106873,
    "max_drawdown": 1.2104312248120501,
    "optimal_value": null,
    "optimiser_evals": 0,
    "optimiser_time": 1.5468790531158447,
    "circuit_metrics": {
      "depth": 10,
      "num_parameters": 12,
      "gate_counts": {
        "ry": 12,
        "barrier": 6,
        "cz": 6
      }
    },
    "state_metrics": {
      "max_prob_state": 0.9995680809749105,
      "entropy": 0.004097188374912932,
      "num_significant_states": 1
    },
    "weights": [
      0.0,
      0.0,
      1.0
    ]
  },
  "classical": {
    "monte_carlo": {
      "return": 0.47494042071968656,
      "risk": 1.9567233726366295,
      "sharpe_ratio": 0.2376117274529166,
      "var": -2.74358311570239,
      "cvar": -3.5612179407670173,
      "max_drawdown": 4.891808431591574
    },
    "mean_variance": {
      "return": 0.17571440840111416,
      "risk": 0.3418361726230619,
      "sharpe_ratio": 0.4847772754109472,
      "var": -0.3865560599611386,
      "cvar": -0.5293954429377953,
      "max_drawdown": 0.8545904315576547
    }
  },
  "data_stats": {
    "mean_returns": [
      0.0007,
      0.002,
      0.0004
    ],
    "return_stds": [
      0.022,
      0.1343,
      0.0305
    ],
    "cov_matrix": [
      [
        0.00048399999999999995,
        -0.0001440774312669895,
        4.179303073729718e-05
      ],
      [
        -0.0001440774312669895,
        0.018036490000000002,
        0.00013263685810295953
      ],
      [
        4.179303073729718e-05,
        0.00013263685810295953,
        0.00093025
      ]
    ]
  }
}