{
  "experiment_id": "9ebcebcc",
  "timestamp": "2025-08-11T21:43:24.846756",
  "parameters": {
    "num_assets": 3,
    "num_portfolios": 100,
    "ansatz_reps": 1,
    "risk_aversion": 0.2,
    "random_seed": 45
  },
  "tickers": [
    "V",
    "C",
    "BAC"
  ],
  "quantum": {
    "return": 0.47192727272727275,
    "risk": 1.9342970854570816,
    "sharpe_ratio": 0.2388088552685368,
    "var": -2.709708303888469,
    "cvar": -3.517972098969338,
    "max_drawdown": 4.835742713642704,
    "optimal_value": null,
    "optimiser_evals": 0,
    "optimiser_time": 1.5303552150726318,
    "circuit_metrics": {
      "depth": 4,
      "num_parameters": 6,
      "gate_counts": {
        "ry": 6,
        "barrier": 2,
        "cz": 2
      }
    },
    "state_metrics": {
      "max_prob_state": 0.9938417605814309,
      "entropy": 0.040870782650196016,
      "num_significant_states": 1
    },
    "weights": [
      0.06060606060606061,
      0.9090909090909091,
      0.030303030303030304
    ]
  },
  "classical": {
    "monte_carlo": {
      "return": 0.4662448107303109,
      "risk": 1.8890970355825993,
      "sharpe_ratio": 0.24151475659354074,
      "var": -2.6410432999110016,
      "cvar": -3.4304198391902307,
      "max_drawdown": 4.722742588956498
    },
    "mean_variance": {
      "return": 0.1797708918707071,
      "risk": 0.3014250598155028,
      "sharpe_ratio": 0.5632275298365073,
      "var": -0.3160292110208871,
      "cvar": -0.441982439514423,
      "max_drawdown": 0.7535626495387571
    }
  },
  "data_stats": {
    "mean_returns": [
      0.0007,
      0.002,
      0.0004
    ],
    "return_stds": [
      0.022,
      0.1343,
      0.0305
    ],
    "cov_matrix": [
      [
        0.00048399999999999995,
        -0.00033076661943811514,
        -0.00013487717933397827
      ],
      [
        -0.00033076661943811514,
        0.018036490000000002,
        -0.0004471368588473331
      ],
      [
        -0.00013487717933397827,
        -0.0004471368588473331,
        0.00093025
      ]
    ]
  }
}