{
  "experiment_id": "a843e66f",
  "timestamp": "2025-08-11T23:20:13.975712",
  "parameters": {
    "num_assets": 4,
    "num_portfolios": 250,
    "ansatz_reps": 3,
    "risk_aversion": 0.8,
    "random_seed": 256
  },
  "tickers": [
    "V",
    "C",
    "BAC",
    "ADBE"
  ],
  "quantum": {
    "return": 0.30137011884550086,
    "risk": 1.0651769854018491,
    "sharpe_ratio": 0.2735415079735115,
    "var": -1.4506901089379658,
    "cvar": -1.8957840912050452,
    "max_drawdown": 2.662942463504623,
    "optimal_value": null,
    "optimiser_evals": 0,
    "optimiser_time": 2.6251611709594727,
    "circuit_metrics": {
      "depth": 13,
      "num_parameters": 16,
      "gate_counts": {
        "ry": 16,
        "cz": 9,
        "barrier": 6
      }
    },
    "state_metrics": {
      "max_prob_state": 0.9783993565829894,
      "entropy": 0.12790304822039864,
      "num_significant_states": 2
    },
    "weights": [
      0.008852777104050448,
      0.49527043414989086,
      0.49381518311908806,
      0.0020616056269706523
    ]
  },
  "classical": {
    "monte_carlo": {
      "return": 0.4005618376336373,
      "risk": 1.5138061828474916,
      "sharpe_ratio": 0.2579998959305244,
      "var": -2.0894277527246223,
      "cvar": -2.721985563809814,
      "max_drawdown": 3.784515457118729
    },
    "mean_variance": {
      "return": 0.19544389731352213,
      "risk": 0.2698717340271384,
      "sharpe_ratio": 0.6871556889128442,
      "var": -0.24845560321269938,
      "cvar": -0.3612239848484941,
      "max_drawdown": 0.6746793350678459
    }
  },
  "data_stats": {
    "mean_returns": [
      0.0007,
      0.002,
      0.0004,
      0.0008
    ],
    "return_stds": [
      0.022,
      0.1343,
      0.0305,
      0.0215
    ],
    "cov_matrix": [
      [
        0.00048399999999999995,
        -0.0003438153823438453,
        1.730569736639311e-06,
        -5.2696175880535984e-05
      ],
      [
        -0.0003438153823438453,
        0.018036490000000002,
        -0.0002969418465267215,
        -0.0003672704584956916
      ],
      [
        1.730569736639311e-06,
        -0.0002969418465267215,
        0.00093025,
        0.0001386339809204383
      ],
      [
        -5.2696175880535984e-05,
        -0.0003672704584956916,
        0.0001386339809204383,
        0.00046224999999999993
      ]
    ]
  }
}