{
  "experiment_id": "a9f219c6",
  "timestamp": "2025-08-11T23:50:20.066568",
  "parameters": {
    "num_assets": 4,
    "num_portfolios": 250,
    "ansatz_reps": 1,
    "risk_aversion": 0.8,
    "random_seed": 123
  },
  "tickers": [
    "V",
    "C",
    "BAC",
    "ADBE"
  ],
  "quantum": {
    "return": 0.4825201096892139,
    "risk": 1.994322524027807,
    "sharpe_ratio": 0.23693264454281693,
    "var": -2.797848527268939,
    "cvar": -3.6311945029234827,
    "max_drawdown": 4.985806310069518,
    "optimal_value": null,
    "optimiser_evals": 0,
    "optimiser_time": 9.521631956100464,
    "circuit_metrics": {
      "depth": 5,
      "num_parameters": 8,
      "gate_counts": {
        "ry": 8,
        "cz": 3,
        "barrier": 2
      }
    },
    "state_metrics": {
      "max_prob_state": 0.9415169640890273,
      "entropy": 0.27187712784876567,
      "num_significant_states": 2
    },
    "weights": [
      0.04981718464351006,
      0.9353290676416819,
      0.0066270566727605115,
      0.008226691042047532
    ]
  },
  "classical": {
    "monte_carlo": {
      "return": 0.4116822673698044,
      "risk": 1.5863840442670514,
      "sharpe_ratio": 0.2532061948186018,
      "var": -2.1976872815807997,
      "cvar": -2.860572418365272,
      "max_drawdown": 3.9659601106676283
    },
    "mean_variance": {
      "return": 0.18935518264320667,
      "risk": 0.2664393047844647,
      "sharpe_ratio": 0.6731558723601065,
      "var": -0.24889847419394878,
      "cvar": -0.3602325837590837,
      "max_drawdown": 0.6660982619611617
    }
  },
  "data_stats": {
    "mean_returns": [
      0.0007,
      0.002,
      0.0004,
      0.0008
    ],
    "return_stds": [
      0.022,
      0.1343,
      0.0305,
      0.0215
    ],
    "cov_matrix": [
      [
        0.00048399999999999995,
        4.971089151844754e-06,
        -5.882321062872405e-05,
        -1.43503274709903e-06
      ],
      [
        4.971089151844754e-06,
        0.018036490000000002,
        0.00045821383300923376,
        -0.00022131642862735146
      ],
      [
        -5.882321062872405e-05,
        0.00045821383300923376,
        0.00093025,
        2.5002559815004715e-05
      ],
      [
        -1.43503274709903e-06,
        -0.00022131642862735146,
        2.5002559815004715e-05,
        0.00046224999999999993
      ]
    ]
  }
}