{
  "experiment_id": "ac661df7",
  "timestamp": "2025-08-11T22:28:28.700269",
  "parameters": {
    "num_assets": 3,
    "num_portfolios": 500,
    "ansatz_reps": 1,
    "risk_aversion": 0.8,
    "random_seed": 256
  },
  "tickers": [
    "V",
    "C",
    "BAC"
  ],
  "quantum": {
    "return": 0.3187372323759791,
    "risk": 1.1233800965044598,
    "sharpe_ratio": 0.2748288253785645,
    "var": -1.529058593804476,
    "cvar": -1.9984732803826997,
    "max_drawdown": 2.8084502412611494,
    "optimal_value": null,
    "optimiser_evals": 0,
    "optimiser_time": 3.9005627632141113,
    "circuit_metrics": {
      "depth": 4,
      "num_parameters": 6,
      "gate_counts": {
        "ry": 6,
        "barrier": 2,
        "cz": 2
      }
    },
    "state_metrics": {
      "max_prob_state": 0.7534036167330956,
      "entropy": 0.7389981311880348,
      "num_significant_states": 4
    },
    "weights": [
      0.03159268929503917,
      0.5345953002610966,
      0.43381201044386425
    ]
  },
  "classical": {
    "monte_carlo": {
      "return": 0.42288366003341826,
      "risk": 1.6392229047213132,
      "sharpe_ratio": 0.2518776786514054,
      "var": -2.2733980801793607,
      "cvar": -2.958362419894762,
      "max_drawdown": 4.098057261803283
    },
    "mean_variance": {
      "return": 0.18139059455980017,
      "risk": 0.309051515958086,
      "sharpe_ratio": 0.5545696613992483,
      "var": -0.32695391237870836,
      "cvar": -0.4560939255865298,
      "max_drawdown": 0.772628789895215
    }
  },
  "data_stats": {
    "mean_returns": [
      0.0007,
      0.002,
      0.0004
    ],
    "return_stds": [
      0.022,
      0.1343,
      0.0305
    ],
    "cov_matrix": [
      [
        0.00048399999999999995,
        -0.0002921829412602865,
        -8.415312221504905e-05
      ],
      [
        -0.0002921829412602865,
        0.018036490000000002,
        -0.0006687651949791408
      ],
      [
        -8.415312221504905e-05,
        -0.0006687651949791408,
        0.00093025
      ]
    ]
  }
}