{
  "experiment_id": "b03639ab",
  "timestamp": "2025-08-11T22:47:07.932856",
  "parameters": {
    "num_assets": 3,
    "num_portfolios": 500,
    "ansatz_reps": 1,
    "risk_aversion": 0.2,
    "random_seed": 45
  },
  "tickers": [
    "V",
    "C",
    "BAC"
  ],
  "quantum": {
    "return": 0.23687999999999998,
    "risk": 0.649575495428284,
    "sharpe_ratio": 0.34927425926129096,
    "var": -0.8315766096340123,
    "cvar": -1.1030076938629036,
    "max_drawdown": 1.6239387385707098,
    "optimal_value": null,
    "optimiser_evals": 0,
    "optimiser_time": 4.675150156021118,
    "circuit_metrics": {
      "depth": 4,
      "num_parameters": 6,
      "gate_counts": {
        "ry": 6,
        "barrier": 2,
        "cz": 2
      }
    },
    "state_metrics": {
      "max_prob_state": 0.9990628515703702,
      "entropy": 0.008505166804884152,
      "num_significant_states": 1
    },
    "weights": [
      0.2,
      0.3,
      0.5
    ]
  },
  "classical": {
    "monte_carlo": {
      "return": 0.4997629016324428,
      "risk": 2.1046996382717174,
      "sharpe_ratio": 0.23269966541858372,
      "var": -2.9621599320222423,
      "cvar": -3.841627998186878,
      "max_drawdown": 5.261749095679294
    },
    "mean_variance": {
      "return": 0.1797708918707071,
      "risk": 0.3014250598155028,
      "sharpe_ratio": 0.5632275298365073,
      "var": -0.3160292110208871,
      "cvar": -0.441982439514423,
      "max_drawdown": 0.7535626495387571
    }
  },
  "data_stats": {
    "mean_returns": [
      0.0007,
      0.002,
      0.0004
    ],
    "return_stds": [
      0.022,
      0.1343,
      0.0305
    ],
    "cov_matrix": [
      [
        0.00048399999999999995,
        -0.00033076661943811514,
        -0.00013487717933397827
      ],
      [
        -0.00033076661943811514,
        0.018036490000000002,
        -0.0004471368588473331
      ],
      [
        -0.00013487717933397827,
        -0.0004471368588473331,
        0.00093025
      ]
    ]
  }
}