{
  "experiment_id": "b16fa1c7",
  "timestamp": "2025-08-11T22:45:04.154127",
  "parameters": {
    "num_assets": 4,
    "num_portfolios": 100,
    "ansatz_reps": 2,
    "risk_aversion": 0.2,
    "random_seed": 45
  },
  "tickers": [
    "V",
    "C",
    "BAC",
    "ADBE"
  ],
  "quantum": {
    "return": 0.20557894736842108,
    "risk": 0.5519580892244997,
    "sharpe_ratio": 0.35433659037991305,
    "var": -0.7023113176177015,
    "cvar": -0.932952072482282,
    "max_drawdown": 1.3798952230612493,
    "optimal_value": null,
    "optimiser_evals": 0,
    "optimiser_time": 7.769090890884399,
    "circuit_metrics": {
      "depth": 9,
      "num_parameters": 12,
      "gate_counts": {
        "ry": 12,
        "cz": 6,
        "barrier": 4
      }
    },
    "state_metrics": {
      "max_prob_state": 0.9831238544237548,
      "entropy": 0.10629619567509194,
      "num_significant_states": 1
    },
    "weights": [
      0.09473684210526316,
      0.23157894736842105,
      0.631578947368421,
      0.042105263157894736
    ]
  },
  "classical": {
    "monte_carlo": {
      "return": 0.34276225727797405,
      "risk": 1.2338926659121696,
      "sharpe_ratio": 0.2696849300356086,
      "var": -1.6868105695164792,
      "cvar": -2.2024039477885413,
      "max_drawdown": 3.084731664780424
    },
    "mean_variance": {
      "return": 0.19352250729979265,
      "risk": 0.2621702287039973,
      "sharpe_ratio": 0.7000127673039425,
      "var": -0.23770914426267425,
      "cvar": -0.347259381195094,
      "max_drawdown": 0.6554255717599933
    }
  },
  "data_stats": {
    "mean_returns": [
      0.0007,
      0.002,
      0.0004,
      0.0008
    ],
    "return_stds": [
      0.022,
      0.1343,
      0.0305,
      0.0215
    ],
    "cov_matrix": [
      [
        0.00048399999999999995,
        -5.305673179885455e-06,
        -0.00012130377989190961,
        9.65079649376644e-06
      ],
      [
        -5.305673179885455e-06,
        0.018036490000000002,
        -0.00039825184946319815,
        -0.000317323366062759
      ],
      [
        -0.00012130377989190961,
        -0.00039825184946319815,
        0.00093025,
        5.2800381068237304e-05
      ],
      [
        9.65079649376644e-06,
        -0.000317323366062759,
        5.2800381068237304e-05,
        0.00046224999999999993
      ]
    ]
  }
}