{
  "experiment_id": "b796f081",
  "timestamp": "2025-08-11T23:13:07.583844",
  "parameters": {
    "num_assets": 3,
    "num_portfolios": 500,
    "ansatz_reps": 2,
    "risk_aversion": 0.2,
    "random_seed": 256
  },
  "tickers": [
    "V",
    "C",
    "BAC"
  ],
  "quantum": {
    "return": 0.4088903225806452,
    "risk": 1.5063502418907366,
    "sharpe_ratio": 0.2648058276805314,
    "var": -2.06883533625256,
    "cvar": -2.6982776139592883,
    "max_drawdown": 3.7658756047268414,
    "optimal_value": null,
    "optimiser_evals": 0,
    "optimiser_time": 2.111733913421631,
    "circuit_metrics": {
      "depth": 7,
      "num_parameters": 9,
      "gate_counts": {
        "ry": 9,
        "barrier": 4,
        "cz": 4
      }
    },
    "state_metrics": {
      "max_prob_state": 0.995252333129015,
      "entropy": 0.0345800186173684,
      "num_significant_states": 1
    },
    "weights": [
      0.2903225806451613,
      0.7096774193548387,
      0.0
    ]
  },
  "classical": {
    "monte_carlo": {
      "return": 0.42288366003341826,
      "risk": 1.6392229047213132,
      "sharpe_ratio": 0.2518776786514054,
      "var": -2.2733980801793607,
      "cvar": -2.958362419894762,
      "max_drawdown": 4.098057261803283
    },
    "mean_variance": {
      "return": 0.18139059455980017,
      "risk": 0.309051515958086,
      "sharpe_ratio": 0.5545696613992483,
      "var": -0.32695391237870836,
      "cvar": -0.4560939255865298,
      "max_drawdown": 0.772628789895215
    }
  },
  "data_stats": {
    "mean_returns": [
      0.0007,
      0.002,
      0.0004
    ],
    "return_stds": [
      0.022,
      0.1343,
      0.0305
    ],
    "cov_matrix": [
      [
        0.00048399999999999995,
        -0.0002921829412602865,
        -8.415312221504905e-05
      ],
      [
        -0.0002921829412602865,
        0.018036490000000002,
        -0.0006687651949791408
      ],
      [
        -8.415312221504905e-05,
        -0.0006687651949791408,
        0.00093025
      ]
    ]
  }
}