{
  "experiment_id": "b7ec3668",
  "timestamp": "2025-08-11T23:06:17.057259",
  "parameters": {
    "num_assets": 4,
    "num_portfolios": 250,
    "ansatz_reps": 1,
    "risk_aversion": 0.2,
    "random_seed": 45
  },
  "tickers": [
    "V",
    "C",
    "BAC",
    "ADBE"
  ],
  "quantum": {
    "return": 0.3188769230769231,
    "risk": 1.0584999714904668,
    "sharpe_ratio": 0.2918062648995593,
    "var": -1.422200594157201,
    "cvar": -1.8645045248627097,
    "max_drawdown": 2.646249928726167,
    "optimal_value": null,
    "optimiser_evals": 0,
    "optimiser_time": 1.1137311458587646,
    "circuit_metrics": {
      "depth": 5,
      "num_parameters": 8,
      "gate_counts": {
        "ry": 8,
        "cz": 3,
        "barrier": 2
      }
    },
    "state_metrics": {
      "max_prob_state": 0.9791078692532574,
      "entropy": 0.12962918231258153,
      "num_significant_states": 2
    },
    "weights": [
      0.023076923076923078,
      0.5,
      0.33076923076923076,
      0.14615384615384616
    ]
  },
  "classical": {
    "monte_carlo": {
      "return": 0.417961138696955,
      "risk": 1.5912498584072323,
      "sharpe_ratio": 0.2563778004701947,
      "var": -2.1994119622901973,
      "cvar": -2.8643303241840234,
      "max_drawdown": 3.978124646018081
    },
    "mean_variance": {
      "return": 0.19352250729979265,
      "risk": 0.2621702287039973,
      "sharpe_ratio": 0.7000127673039425,
      "var": -0.23770914426267425,
      "cvar": -0.347259381195094,
      "max_drawdown": 0.6554255717599933
    }
  },
  "data_stats": {
    "mean_returns": [
      0.0007,
      0.002,
      0.0004,
      0.0008
    ],
    "return_stds": [
      0.022,
      0.1343,
      0.0305,
      0.0215
    ],
    "cov_matrix": [
      [
        0.00048399999999999995,
        -5.305673179885455e-06,
        -0.00012130377989190961,
        9.65079649376644e-06
      ],
      [
        -5.305673179885455e-06,
        0.018036490000000002,
        -0.00039825184946319815,
        -0.000317323366062759
      ],
      [
        -0.00012130377989190961,
        -0.00039825184946319815,
        0.00093025,
        5.2800381068237304e-05
      ],
      [
        9.65079649376644e-06,
        -0.000317323366062759,
        5.2800381068237304e-05,
        0.00046224999999999993
      ]
    ]
  }
}