{
  "experiment_id": "c1c91441",
  "timestamp": "2025-08-11T23:12:19.344914",
  "parameters": {
    "num_assets": 4,
    "num_portfolios": 250,
    "ansatz_reps": 2,
    "risk_aversion": 0.5,
    "random_seed": 123
  },
  "tickers": [
    "V",
    "C",
    "BAC",
    "ADBE"
  ],
  "quantum": {
    "return": 0.4967534148094896,
    "risk": 2.089455963563313,
    "sharpe_ratio": 0.23295701048391124,
    "var": -2.940095805213009,
    "cvar": -3.813194161955329,
    "max_drawdown": 5.223639908908283,
    "optimal_value": null,
    "optimiser_evals": 0,
    "optimiser_time": 2.0104780197143555,
    "circuit_metrics": {
      "depth": 9,
      "num_parameters": 12,
      "gate_counts": {
        "ry": 12,
        "cz": 6,
        "barrier": 4
      }
    },
    "state_metrics": {
      "max_prob_state": 0.9807514759596473,
      "entropy": 0.1186362611709529,
      "num_significant_states": 1
    },
    "weights": [
      0.002875629043853343,
      0.9798705966930266,
      0.010783608914450037,
      0.006470165348670022
    ]
  },
  "classical": {
    "monte_carlo": {
      "return": 0.4116822673698044,
      "risk": 1.5863840442670514,
      "sharpe_ratio": 0.2532061948186018,
      "var": -2.1976872815807997,
      "cvar": -2.860572418365272,
      "max_drawdown": 3.9659601106676283
    },
    "mean_variance": {
      "return": 0.18935518264320667,
      "risk": 0.2664393047844647,
      "sharpe_ratio": 0.6731558723601065,
      "var": -0.24889847419394878,
      "cvar": -0.3602325837590837,
      "max_drawdown": 0.6660982619611617
    }
  },
  "data_stats": {
    "mean_returns": [
      0.0007,
      0.002,
      0.0004,
      0.0008
    ],
    "return_stds": [
      0.022,
      0.1343,
      0.0305,
      0.0215
    ],
    "cov_matrix": [
      [
        0.00048399999999999995,
        4.971089151844754e-06,
        -5.882321062872405e-05,
        -1.43503274709903e-06
      ],
      [
        4.971089151844754e-06,
        0.018036490000000002,
        0.00045821383300923376,
        -0.00022131642862735146
      ],
      [
        -5.882321062872405e-05,
        0.00045821383300923376,
        0.00093025,
        2.5002559815004715e-05
      ],
      [
        -1.43503274709903e-06,
        -0.00022131642862735146,
        2.5002559815004715e-05,
        0.00046224999999999993
      ]
    ]
  }
}