{
  "experiment_id": "c6235ead",
  "timestamp": "2025-08-12T01:11:41.397457",
  "parameters": {
    "num_assets": 4,
    "num_portfolios": 500,
    "ansatz_reps": 2,
    "risk_aversion": 0.8,
    "random_seed": 45
  },
  "tickers": [
    "V",
    "C",
    "BAC",
    "ADBE"
  ],
  "quantum": {
    "return": 0.3105212059792247,
    "risk": 1.106730548795541,
    "sharpe_ratio": 0.2715396320326416,
    "var": -1.5098885512651141,
    "cvar": -1.9723460714810614,
    "max_drawdown": 2.7668263719888526,
    "optimal_value": null,
    "optimiser_evals": 0,
    "optimiser_time": 1.306304931640625,
    "circuit_metrics": {
      "depth": 9,
      "num_parameters": 12,
      "gate_counts": {
        "ry": 12,
        "cz": 6,
        "barrier": 4
      }
    },
    "state_metrics": {
      "max_prob_state": 0.8941460569689458,
      "entropy": 0.39592845978323593,
      "num_significant_states": 3
    },
    "weights": [
      0.008107423359513555,
      0.5184950595388903,
      0.47289080314162657,
      0.0005067139599695972
    ]
  },
  "classical": {
    "monte_carlo": {
      "return": 0.4129514079559455,
      "risk": 1.5836046241047657,
      "sharpe_ratio": 0.25445202787516463,
      "var": -2.191846401659901,
      "cvar": -2.8535701322129396,
      "max_drawdown": 3.959011560261914
    },
    "mean_variance": {
      "return": 0.19352250729979265,
      "risk": 0.2621702287039973,
      "sharpe_ratio": 0.7000127673039425,
      "var": -0.23770914426267425,
      "cvar": -0.347259381195094,
      "max_drawdown": 0.6554255717599933
    }
  },
  "data_stats": {
    "mean_returns": [
      0.0007,
      0.002,
      0.0004,
      0.0008
    ],
    "return_stds": [
      0.022,
      0.1343,
      0.0305,
      0.0215
    ],
    "cov_matrix": [
      [
        0.00048399999999999995,
        -5.305673179885455e-06,
        -0.00012130377989190961,
        9.65079649376644e-06
      ],
      [
        -5.305673179885455e-06,
        0.018036490000000002,
        -0.00039825184946319815,
        -0.000317323366062759
      ],
      [
        -0.00012130377989190961,
        -0.00039825184946319815,
        0.00093025,
        5.2800381068237304e-05
      ],
      [
        9.65079649376644e-06,
        -0.000317323366062759,
        5.2800381068237304e-05,
        0.00046224999999999993
      ]
    ]
  }
}