{
  "experiment_id": "c85bd7b4",
  "timestamp": "2025-08-11T22:18:08.093809",
  "parameters": {
    "num_assets": 3,
    "num_portfolios": 100,
    "ansatz_reps": 2,
    "risk_aversion": 0.2,
    "random_seed": 256
  },
  "tickers": [
    "V",
    "C",
    "BAC"
  ],
  "quantum": {
    "return": 0.36081818181818187,
    "risk": 1.3384621923432887,
    "sharpe_ratio": 0.26210541009305105,
    "var": -1.8407562097950954,
    "cvar": -2.400044924692789,
    "max_drawdown": 3.3461554808582217,
    "optimal_value": null,
    "optimiser_evals": 0,
    "optimiser_time": 6.958571910858154,
    "circuit_metrics": {
      "depth": 7,
      "num_parameters": 9,
      "gate_counts": {
        "ry": 9,
        "barrier": 4,
        "cz": 4
      }
    },
    "state_metrics": {
      "max_prob_state": 0.9978515578151342,
      "entropy": 0.017403375652053316,
      "num_significant_states": 1
    },
    "weights": [
      0.045454545454545456,
      0.6363636363636364,
      0.3181818181818182
    ]
  },
  "classical": {
    "monte_carlo": {
      "return": 0.4415690031757172,
      "risk": 1.7336683813120057,
      "sharpe_ratio": 0.24893399904375849,
      "var": -2.410061721756423,
      "cvar": -3.134490970927227,
      "max_drawdown": 4.334170953280014
    },
    "mean_variance": {
      "return": 0.18139059455980017,
      "risk": 0.309051515958086,
      "sharpe_ratio": 0.5545696613992483,
      "var": -0.32695391237870836,
      "cvar": -0.4560939255865298,
      "max_drawdown": 0.772628789895215
    }
  },
  "data_stats": {
    "mean_returns": [
      0.0007,
      0.002,
      0.0004
    ],
    "return_stds": [
      0.022,
      0.1343,
      0.0305
    ],
    "cov_matrix": [
      [
        0.00048399999999999995,
        -0.0002921829412602865,
        -8.415312221504905e-05
      ],
      [
        -0.0002921829412602865,
        0.018036490000000002,
        -0.0006687651949791408
      ],
      [
        -8.415312221504905e-05,
        -0.0006687651949791408,
        0.00093025
      ]
    ]
  }
}