{
  "experiment_id": "c9229053",
  "timestamp": "2025-08-12T01:31:16.115860",
  "parameters": {
    "num_assets": 5,
    "num_portfolios": 100,
    "ansatz_reps": 1,
    "risk_aversion": 0.5,
    "random_seed": 123
  },
  "tickers": [
    "V",
    "C",
    "BAC",
    "ADBE",
    "PEP"
  ],
  "quantum": {
    "return": 0.4941604557322573,
    "risk": 2.071247070200185,
    "sharpe_ratio": 0.2337531155495918,
    "var": -2.912737799999127,
    "cvar": -3.7782274034818997,
    "max_drawdown": 5.178117675500462,
    "optimal_value": null,
    "optimiser_evals": 0,
    "optimiser_time": 1.001629114151001,
    "circuit_metrics": {
      "depth": 6,
      "num_parameters": 10,
      "gate_counts": {
        "ry": 10,
        "cz": 4,
        "barrier": 2
      }
    },
    "state_metrics": {
      "max_prob_state": 0.9707163521552177,
      "entropy": 0.1588643400566189,
      "num_significant_states": 2
    },
    "weights": [
      0.01875148350344173,
      0.9717540944694991,
      0.001661523854735343,
      0.0026109660574412533,
      0.005221932114882507
    ]
  },
  "classical": {
    "monte_carlo": {
      "return": 0.3995543184943076,
      "risk": 1.5048613669190951,
      "sharpe_ratio": 0.25886392398513275,
      "var": -2.0757223589417158,
      "cvar": -2.7045424965728437,
      "max_drawdown": 3.762153417297738
    },
    "mean_variance": {
      "return": 0.1712963791709375,
      "risk": 0.2248874321837017,
      "sharpe_ratio": 0.7172316283071828,
      "var": -0.19861052931222742,
      "cvar": -0.2925818074418419,
      "max_drawdown": 0.5622185804592542
    }
  },
  "data_stats": {
    "mean_returns": [
      0.0007,
      0.002,
      0.0004,
      0.0008,
      0.0003
    ],
    "return_stds": [
      0.022,
      0.1343,
      0.0305,
      0.0215,
      0.0116
    ],
    "cov_matrix": [
      [
        0.00048399999999999995,
        -0.00025771871216156294,
        -8.65530677463559e-05,
        4.105311380623812e-05,
        2.7092281713471843e-05
      ],
      [
        -0.00025771871216156294,
        0.018036490000000002,
        0.0005085936877816589,
        -0.000291554230188307,
        0.00011289145278066298
      ],
      [
        -8.65530677463559e-05,
        0.0005085936877816589,
        0.00093025,
        -0.00015046911906136718,
        1.3002105441479814e-05
      ],
      [
        4.105311380623812e-05,
        -0.000291554230188307,
        -0.00015046911906136718,
        0.00046224999999999993,
        1.0688119135484266e-05
      ],
      [
        2.7092281713471843e-05,
        0.00011289145278066298,
        1.3002105441479814e-05,
        1.0688119135484266e-05,
        0.00013455999999999999
      ]
    ]
  }
}