{
  "experiment_id": "cd1b92c0",
  "timestamp": "2025-08-11T22:29:27.027771",
  "parameters": {
    "num_assets": 4,
    "num_portfolios": 100,
    "ansatz_reps": 1,
    "risk_aversion": 0.5,
    "random_seed": 256
  },
  "tickers": [
    "V",
    "C",
    "BAC",
    "ADBE"
  ],
  "quantum": {
    "return": 0.45385851677708916,
    "risk": 1.8614293670575028,
    "sharpe_ratio": 0.23845036756819232,
    "var": -2.6079203289414274,
    "cvar": -3.3857356789228663,
    "max_drawdown": 4.6535734176437575,
    "optimal_value": null,
    "optimiser_evals": 0,
    "optimiser_time": 5.530777931213379,
    "circuit_metrics": {
      "depth": 5,
      "num_parameters": 8,
      "gate_counts": {
        "ry": 8,
        "cz": 3,
        "barrier": 2
      }
    },
    "state_metrics": {
      "max_prob_state": 0.8516110182911495,
      "entropy": 0.4465774382080246,
      "num_significant_states": 2
    },
    "weights": [
      0.004701859371660611,
      0.8747595640094037,
      0.12053857661893567,
      0.0
    ]
  },
  "classical": {
    "monte_carlo": {
      "return": 0.36480346000148417,
      "risk": 1.2304227009582998,
      "sharpe_ratio": 0.28835900030546396,
      "var": -1.6590617823532017,
      "cvar": -2.173205203913082,
      "max_drawdown": 3.0760567523957496
    },
    "mean_variance": {
      "return": 0.19544389731352213,
      "risk": 0.2698717340271384,
      "sharpe_ratio": 0.6871556889128442,
      "var": -0.24845560321269938,
      "cvar": -0.3612239848484941,
      "max_drawdown": 0.6746793350678459
    }
  },
  "data_stats": {
    "mean_returns": [
      0.0007,
      0.002,
      0.0004,
      0.0008
    ],
    "return_stds": [
      0.022,
      0.1343,
      0.0305,
      0.0215
    ],
    "cov_matrix": [
      [
        0.00048399999999999995,
        -0.0003438153823438453,
        1.730569736639311e-06,
        -5.2696175880535984e-05
      ],
      [
        -0.0003438153823438453,
        0.018036490000000002,
        -0.0002969418465267215,
        -0.0003672704584956916
      ],
      [
        1.730569736639311e-06,
        -0.0002969418465267215,
        0.00093025,
        0.0001386339809204383
      ],
      [
        -5.2696175880535984e-05,
        -0.0003672704584956916,
        0.0001386339809204383,
        0.00046224999999999993
      ]
    ]
  }
}