{
  "experiment_id": "ce2c0c46",
  "timestamp": "2025-08-12T00:51:14.150544",
  "parameters": {
    "num_assets": 4,
    "num_portfolios": 250,
    "ansatz_reps": 2,
    "risk_aversion": 0.2,
    "random_seed": 45
  },
  "tickers": [
    "V",
    "C",
    "BAC",
    "ADBE"
  ],
  "quantum": {
    "return": 0.44639999999999996,
    "risk": 1.8219587278151226,
    "sharpe_ratio": 0.23952243996400902,
    "var": -2.550455421602594,
    "cvar": -3.311777602614192,
    "max_drawdown": 4.554896819537807,
    "optimal_value": null,
    "optimiser_evals": 0,
    "optimiser_time": 0.9105038642883301,
    "circuit_metrics": {
      "depth": 9,
      "num_parameters": 12,
      "gate_counts": {
        "ry": 12,
        "cz": 6,
        "barrier": 4
      }
    },
    "state_metrics": {
      "max_prob_state": 0.9985608059516616,
      "entropy": 0.013265097363238339,
      "num_significant_states": 1
    },
    "weights": [
      0.0,
      0.8571428571428571,
      0.14285714285714285,
      0.0
    ]
  },
  "classical": {
    "monte_carlo": {
      "return": 0.417961138696955,
      "risk": 1.5912498584072323,
      "sharpe_ratio": 0.2563778004701947,
      "var": -2.1994119622901973,
      "cvar": -2.8643303241840234,
      "max_drawdown": 3.978124646018081
    },
    "mean_variance": {
      "return": 0.19352250729979265,
      "risk": 0.2621702287039973,
      "sharpe_ratio": 0.7000127673039425,
      "var": -0.23770914426267425,
      "cvar": -0.347259381195094,
      "max_drawdown": 0.6554255717599933
    }
  },
  "data_stats": {
    "mean_returns": [
      0.0007,
      0.002,
      0.0004,
      0.0008
    ],
    "return_stds": [
      0.022,
      0.1343,
      0.0305,
      0.0215
    ],
    "cov_matrix": [
      [
        0.00048399999999999995,
        -5.305673179885455e-06,
        -0.00012130377989190961,
        9.65079649376644e-06
      ],
      [
        -5.305673179885455e-06,
        0.018036490000000002,
        -0.00039825184946319815,
        -0.000317323366062759
      ],
      [
        -0.00012130377989190961,
        -0.00039825184946319815,
        0.00093025,
        5.2800381068237304e-05
      ],
      [
        9.65079649376644e-06,
        -0.000317323366062759,
        5.2800381068237304e-05,
        0.00046224999999999993
      ]
    ]
  }
}