{
  "experiment_id": "ce849d45",
  "timestamp": "2025-08-12T01:53:50.396492",
  "parameters": {
    "num_assets": 6,
    "num_portfolios": 250,
    "ansatz_reps": 1,
    "risk_aversion": 0.8,
    "random_seed": 123
  },
  "tickers": [
    "V",
    "C",
    "BAC",
    "ADBE",
    "PEP",
    "INTC"
  ],
  "quantum": {
    "return": 0.26020552092609084,
    "risk": 0.8559925076848536,
    "sharpe_ratio": 0.2922987277106025,
    "var": -1.1477768599826264,
    "cvar": -1.5054611878058566,
    "max_drawdown": 2.139981269212134,
    "optimal_value": null,
    "optimiser_evals": 0,
    "optimiser_time": 3.165207624435425,
    "circuit_metrics": {
      "depth": 7,
      "num_parameters": 12,
      "gate_counts": {
        "ry": 12,
        "cz": 5,
        "barrier": 2
      }
    },
    "state_metrics": {
      "max_prob_state": 0.527244505845082,
      "entropy": 0.9564285564084297,
      "num_significant_states": 3
    },
    "weights": [
      0.00019788265558523795,
      0.4052636786385673,
      0.40437320668843374,
      0.0008904719501335708,
      0.16275848421885822,
      0.026516275848421887
    ]
  },
  "classical": {
    "monte_carlo": {
      "return": 0.3697478856007133,
      "risk": 1.3613133073436376,
      "sharpe_ratio": 0.2642653117838815,
      "var": -1.869413245400773,
      "cvar": -2.438250508487303,
      "max_drawdown": 3.403283268359094
    },
    "mean_variance": {
      "return": 0.16509422716589867,
      "risk": 0.2179288518301033,
      "sharpe_ratio": 0.7116736763556653,
      "var": -0.19336683518421666,
      "cvar": -0.28443040662944385,
      "max_drawdown": 0.5448221295752582
    }
  },
  "data_stats": {
    "mean_returns": [
      0.0007,
      0.002,
      0.0004,
      0.0008,
      0.0003,
      0.0004
    ],
    "return_stds": [
      0.022,
      0.1343,
      0.0305,
      0.0215,
      0.0116,
      0.0202
    ],
    "cov_matrix": [
      [
        0.00048399999999999995,
        0.00023657795387747283,
        -6.735020954351752e-05,
        1.175870568101913e-05,
        3.383280969635887e-05,
        -6.463201614272943e-05
      ],
      [
        0.00023657795387747283,
        0.018036490000000002,
        -0.0005645193526612653,
        -6.588141171823623e-05,
        -0.00015603557984558827,
        0.00013245610574677685
      ],
      [
        -6.735020954351752e-05,
        -0.0005645193526612653,
        0.00093025,
        7.325967476364335e-05,
        -4.837007982191309e-05,
        -7.276488736504089e-05
      ],
      [
        1.175870568101913e-05,
        -6.588141171823623e-05,
        7.325967476364335e-05,
        0.00046224999999999993,
        -3.5375976595638113e-06,
        1.3642484579040666e-05
      ],
      [
        3.383280969635887e-05,
        -0.00015603557984558827,
        -4.837007982191309e-05,
        -3.5375976595638113e-06,
        0.00013455999999999999,
        3.993263689110595e-06
      ],
      [
        -6.463201614272943e-05,
        0.00013245610574677685,
        -7.276488736504089e-05,
        1.3642484579040666e-05,
        3.993263689110595e-06,
        0.00040804
      ]
    ]
  }
}