{
  "experiment_id": "d9c979c6",
  "timestamp": "2025-08-12T01:40:02.397296",
  "parameters": {
    "num_assets": 6,
    "num_portfolios": 100,
    "ansatz_reps": 2,
    "risk_aversion": 0.5,
    "random_seed": 123
  },
  "tickers": [
    "V",
    "C",
    "BAC",
    "ADBE",
    "PEP",
    "INTC"
  ],
  "quantum": {
    "return": 0.31572383331142373,
    "risk": 1.1306598644633539,
    "sharpe_ratio": 0.2703941679724607,
    "var": -1.5440461455995838,
    "cvar": -2.0165027500517483,
    "max_drawdown": 2.8266496611583847,
    "optimal_value": null,
    "optimiser_evals": 0,
    "optimiser_time": 2.8966801166534424,
    "circuit_metrics": {
      "depth": 13,
      "num_parameters": 18,
      "gate_counts": {
        "ry": 18,
        "cz": 10,
        "barrier": 4
      }
    },
    "state_metrics": {
      "max_prob_state": 0.6353117252163353,
      "entropy": 1.0680905808681542,
      "num_significant_states": 4
    },
    "weights": [
      0.0018404101485473905,
      0.5358222689627974,
      0.3938477717891416,
      0.002892073090574471,
      0.0615222821085842,
      0.004075193900354936
    ]
  },
  "classical": {
    "monte_carlo": {
      "return": 0.3558629859115614,
      "risk": 1.2711260034709382,
      "sharpe_ratio": 0.2720918185664895,
      "var": -1.7349532312099405,
      "cvar": -2.2661049014036734,
      "max_drawdown": 3.1778150086773453
    },
    "mean_variance": {
      "return": 0.16509422716589867,
      "risk": 0.2179288518301033,
      "sharpe_ratio": 0.7116736763556653,
      "var": -0.19336683518421666,
      "cvar": -0.28443040662944385,
      "max_drawdown": 0.5448221295752582
    }
  },
  "data_stats": {
    "mean_returns": [
      0.0007,
      0.002,
      0.0004,
      0.0008,
      0.0003,
      0.0004
    ],
    "return_stds": [
      0.022,
      0.1343,
      0.0305,
      0.0215,
      0.0116,
      0.0202
    ],
    "cov_matrix": [
      [
        0.00048399999999999995,
        0.00023657795387747283,
        -6.735020954351752e-05,
        1.175870568101913e-05,
        3.383280969635887e-05,
        -6.463201614272943e-05
      ],
      [
        0.00023657795387747283,
        0.018036490000000002,
        -0.0005645193526612653,
        -6.588141171823623e-05,
        -0.00015603557984558827,
        0.00013245610574677685
      ],
      [
        -6.735020954351752e-05,
        -0.0005645193526612653,
        0.00093025,
        7.325967476364335e-05,
        -4.837007982191309e-05,
        -7.276488736504089e-05
      ],
      [
        1.175870568101913e-05,
        -6.588141171823623e-05,
        7.325967476364335e-05,
        0.00046224999999999993,
        -3.5375976595638113e-06,
        1.3642484579040666e-05
      ],
      [
        3.383280969635887e-05,
        -0.00015603557984558827,
        -4.837007982191309e-05,
        -3.5375976595638113e-06,
        0.00013455999999999999,
        3.993263689110595e-06
      ],
      [
        -6.463201614272943e-05,
        0.00013245610574677685,
        -7.276488736504089e-05,
        1.3642484579040666e-05,
        3.993263689110595e-06,
        0.00040804
      ]
    ]
  }
}