{
  "experiment_id": "df6a0fa8",
  "timestamp": "2025-08-12T01:15:37.043474",
  "parameters": {
    "num_assets": 5,
    "num_portfolios": 250,
    "ansatz_reps": 1,
    "risk_aversion": 0.8,
    "random_seed": 123
  },
  "tickers": [
    "V",
    "C",
    "BAC",
    "ADBE",
    "PEP"
  ],
  "quantum": {
    "return": 0.4854788811188811,
    "risk": 2.035821680410203,
    "sharpe_ratio": 0.23355625185358847,
    "var": -2.863149793730282,
    "cvar": -3.7138365728645373,
    "max_drawdown": 5.089554201025508,
    "optimal_value": null,
    "optimiser_evals": 0,
    "optimiser_time": 1.2492032051086426,
    "circuit_metrics": {
      "depth": 6,
      "num_parameters": 10,
      "gate_counts": {
        "ry": 10,
        "cz": 4,
        "barrier": 2
      }
    },
    "state_metrics": {
      "max_prob_state": 0.9472298882505986,
      "entropy": 0.23766748665570725,
      "num_significant_states": 2
    },
    "weights": [
      0.006293706293706294,
      0.9547785547785548,
      0.0004662004662004662,
      0.0016317016317016317,
      0.03682983682983683
    ]
  },
  "classical": {
    "monte_carlo": {
      "return": 0.416389311536578,
      "risk": 1.6598758234790043,
      "sharpe_ratio": 0.24483115290203417,
      "var": -2.3138634570019234,
      "cvar": -3.0074578084255017,
      "max_drawdown": 4.149689558697511
    },
    "mean_variance": {
      "return": 0.1712963791709375,
      "risk": 0.2248874321837017,
      "sharpe_ratio": 0.7172316283071828,
      "var": -0.19861052931222742,
      "cvar": -0.2925818074418419,
      "max_drawdown": 0.5622185804592542
    }
  },
  "data_stats": {
    "mean_returns": [
      0.0007,
      0.002,
      0.0004,
      0.0008,
      0.0003
    ],
    "return_stds": [
      0.022,
      0.1343,
      0.0305,
      0.0215,
      0.0116
    ],
    "cov_matrix": [
      [
        0.00048399999999999995,
        -0.00025771871216156294,
        -8.65530677463559e-05,
        4.105311380623812e-05,
        2.7092281713471843e-05
      ],
      [
        -0.00025771871216156294,
        0.018036490000000002,
        0.0005085936877816589,
        -0.000291554230188307,
        0.00011289145278066298
      ],
      [
        -8.65530677463559e-05,
        0.0005085936877816589,
        0.00093025,
        -0.00015046911906136718,
        1.3002105441479814e-05
      ],
      [
        4.105311380623812e-05,
        -0.000291554230188307,
        -0.00015046911906136718,
        0.00046224999999999993,
        1.0688119135484266e-05
      ],
      [
        2.7092281713471843e-05,
        0.00011289145278066298,
        1.3002105441479814e-05,
        1.0688119135484266e-05,
        0.00013455999999999999
      ]
    ]
  }
}