{
  "experiment_id": "e49165d5",
  "timestamp": "2025-08-11T21:48:14.187168",
  "parameters": {
    "num_assets": 3,
    "num_portfolios": 100,
    "ansatz_reps": 3,
    "risk_aversion": 0.8,
    "random_seed": 256
  },
  "tickers": [
    "V",
    "C",
    "BAC"
  ],
  "quantum": {
    "return": 0.2728457583547558,
    "risk": 0.7855949937869738,
    "sharpe_ratio": 0.33458176341947315,
    "var": -1.0193430164906672,
    "cvar": -1.347611096843353,
    "max_drawdown": 1.9639874844674345,
    "optimal_value": null,
    "optimiser_evals": 0,
    "optimiser_time": 3.031332015991211,
    "circuit_metrics": {
      "depth": 10,
      "num_parameters": 12,
      "gate_counts": {
        "ry": 12,
        "barrier": 6,
        "cz": 6
      }
    },
    "state_metrics": {
      "max_prob_state": 0.6751905963795477,
      "entropy": 0.8143006313126925,
      "num_significant_states": 4
    },
    "weights": [
      0.270106500183621,
      0.3760558207858979,
      0.3538376790304811
    ]
  },
  "classical": {
    "monte_carlo": {
      "return": 0.4415690031757172,
      "risk": 1.7336683813120057,
      "sharpe_ratio": 0.24893399904375849,
      "var": -2.410061721756423,
      "cvar": -3.134490970927227,
      "max_drawdown": 4.334170953280014
    },
    "mean_variance": {
      "return": 0.18139059455980017,
      "risk": 0.309051515958086,
      "sharpe_ratio": 0.5545696613992483,
      "var": -0.32695391237870836,
      "cvar": -0.4560939255865298,
      "max_drawdown": 0.772628789895215
    }
  },
  "data_stats": {
    "mean_returns": [
      0.0007,
      0.002,
      0.0004
    ],
    "return_stds": [
      0.022,
      0.1343,
      0.0305
    ],
    "cov_matrix": [
      [
        0.00048399999999999995,
        -0.0002921829412602865,
        -8.415312221504905e-05
      ],
      [
        -0.0002921829412602865,
        0.018036490000000002,
        -0.0006687651949791408
      ],
      [
        -8.415312221504905e-05,
        -0.0006687651949791408,
        0.00093025
      ]
    ]
  }
}