{
  "experiment_id": "ec686cf2",
  "timestamp": "2025-08-11T21:56:14.229250",
  "parameters": {
    "num_assets": 3,
    "num_portfolios": 100,
    "ansatz_reps": 2,
    "risk_aversion": 0.8,
    "random_seed": 256
  },
  "tickers": [
    "V",
    "C",
    "BAC"
  ],
  "quantum": {
    "return": 0.2892317863397548,
    "risk": 0.9387906820804943,
    "sharpe_ratio": 0.297437748019545,
    "var": -1.2549414720285925,
    "cvar": -1.6472237771563143,
    "max_drawdown": 2.346976705201236,
    "optimal_value": null,
    "optimiser_evals": 0,
    "optimiser_time": 3.454533100128174,
    "circuit_metrics": {
      "depth": 7,
      "num_parameters": 9,
      "gate_counts": {
        "ry": 9,
        "barrier": 4,
        "cz": 4
      }
    },
    "state_metrics": {
      "max_prob_state": 0.7660176311152247,
      "entropy": 0.5819178035603951,
      "num_significant_states": 2
    },
    "weights": [
      0.10661120840630472,
      0.44735113835376533,
      0.44603765323992994
    ]
  },
  "classical": {
    "monte_carlo": {
      "return": 0.4415690031757172,
      "risk": 1.7336683813120057,
      "sharpe_ratio": 0.24893399904375849,
      "var": -2.410061721756423,
      "cvar": -3.134490970927227,
      "max_drawdown": 4.334170953280014
    },
    "mean_variance": {
      "return": 0.18139059455980017,
      "risk": 0.309051515958086,
      "sharpe_ratio": 0.5545696613992483,
      "var": -0.32695391237870836,
      "cvar": -0.4560939255865298,
      "max_drawdown": 0.772628789895215
    }
  },
  "data_stats": {
    "mean_returns": [
      0.0007,
      0.002,
      0.0004
    ],
    "return_stds": [
      0.022,
      0.1343,
      0.0305
    ],
    "cov_matrix": [
      [
        0.00048399999999999995,
        -0.0002921829412602865,
        -8.415312221504905e-05
      ],
      [
        -0.0002921829412602865,
        0.018036490000000002,
        -0.0006687651949791408
      ],
      [
        -8.415312221504905e-05,
        -0.0006687651949791408,
        0.00093025
      ]
    ]
  }
}