{
  "experiment_id": "f342ff57",
  "timestamp": "2025-08-11T22:09:17.152565",
  "parameters": {
    "num_assets": 3,
    "num_portfolios": 100,
    "ansatz_reps": 3,
    "risk_aversion": 0.5,
    "random_seed": 45
  },
  "tickers": [
    "V",
    "C",
    "BAC"
  ],
  "quantum": {
    "return": 0.3027735849056604,
    "risk": 1.067766642160293,
    "sharpe_ratio": 0.2741924811523652,
    "var": -1.453546249189492,
    "cvar": -1.8997223433075758,
    "max_drawdown": 2.6694166054007322,
    "optimal_value": null,
    "optimiser_evals": 0,
    "optimiser_time": 11.536314725875854,
    "circuit_metrics": {
      "depth": 10,
      "num_parameters": 12,
      "gate_counts": {
        "ry": 12,
        "barrier": 6,
        "cz": 6
      }
    },
    "state_metrics": {
      "max_prob_state": 0.9871688139675829,
      "entropy": 0.08370228276168078,
      "num_significant_states": 1
    },
    "weights": [
      0.002327860818426856,
      0.5004900759617741,
      0.4971820632197991
    ]
  },
  "classical": {
    "monte_carlo": {
      "return": 0.4662448107303109,
      "risk": 1.8890970355825993,
      "sharpe_ratio": 0.24151475659354074,
      "var": -2.6410432999110016,
      "cvar": -3.4304198391902307,
      "max_drawdown": 4.722742588956498
    },
    "mean_variance": {
      "return": 0.1797708918707071,
      "risk": 0.3014250598155028,
      "sharpe_ratio": 0.5632275298365073,
      "var": -0.3160292110208871,
      "cvar": -0.441982439514423,
      "max_drawdown": 0.7535626495387571
    }
  },
  "data_stats": {
    "mean_returns": [
      0.0007,
      0.002,
      0.0004
    ],
    "return_stds": [
      0.022,
      0.1343,
      0.0305
    ],
    "cov_matrix": [
      [
        0.00048399999999999995,
        -0.00033076661943811514,
        -0.00013487717933397827
      ],
      [
        -0.00033076661943811514,
        0.018036490000000002,
        -0.0004471368588473331
      ],
      [
        -0.00013487717933397827,
        -0.0004471368588473331,
        0.00093025
      ]
    ]
  }
}