{
  "experiment_id": "f4074d3d",
  "timestamp": "2025-08-12T01:12:42.144032",
  "parameters": {
    "num_assets": 5,
    "num_portfolios": 500,
    "ansatz_reps": 1,
    "risk_aversion": 0.2,
    "random_seed": 45
  },
  "tickers": [
    "V",
    "C",
    "BAC",
    "ADBE",
    "PEP"
  ],
  "quantum": {
    "return": 0.18998823529411765,
    "risk": 0.4905729949950152,
    "sharpe_ratio": 0.3668938916948466,
    "var": -0.6169325348078795,
    "cvar": -0.8219229644993772,
    "max_drawdown": 1.226432487487538,
    "optimal_value": null,
    "optimiser_evals": 0,
    "optimiser_time": 0.9527778625488281,
    "circuit_metrics": {
      "depth": 6,
      "num_parameters": 10,
      "gate_counts": {
        "ry": 10,
        "cz": 4,
        "barrier": 2
      }
    },
    "state_metrics": {
      "max_prob_state": 0.9817500164854206,
      "entropy": 0.11148885043730061,
      "num_significant_states": 2
    },
    "weights": [
      0.13725490196078433,
      0.18627450980392157,
      0.6274509803921569,
      0.0392156862745098,
      0.00980392156862745
    ]
  },
  "classical": {
    "monte_carlo": {
      "return": 0.3370549904683391,
      "risk": 1.227543407968809,
      "sharpe_ratio": 0.2664304890117982,
      "var": -1.6820742363695267,
      "cvar": -2.195014518920238,
      "max_drawdown": 3.0688585199220224
    },
    "mean_variance": {
      "return": 0.1719228189229482,
      "risk": 0.23120842238160824,
      "sharpe_ratio": 0.7003327009242573,
      "var": -0.208381193213168,
      "cvar": -0.304993755127182,
      "max_drawdown": 0.5780210559540206
    }
  },
  "data_stats": {
    "mean_returns": [
      0.0007,
      0.002,
      0.0004,
      0.0008,
      0.0003
    ],
    "return_stds": [
      0.022,
      0.1343,
      0.0305,
      0.0215,
      0.0116
    ],
    "cov_matrix": [
      [
        0.00048399999999999995,
        1.9812983212494825e-05,
        2.7704788265853345e-05,
        -9.082213396659272e-05,
        -3.5088075777496195e-06
      ],
      [
        1.9812983212494825e-05,
        0.018036490000000002,
        -0.00022926945880017894,
        7.965379685163005e-05,
        -0.00012158353950172939
      ],
      [
        2.7704788265853345e-05,
        -0.00022926945880017894,
        0.00093025,
        2.82140531089135e-05,
        -1.6425242173370383e-05
      ],
      [
        -9.082213396659272e-05,
        7.965379685163005e-05,
        2.82140531089135e-05,
        0.00046224999999999993,
        -1.7340309767550264e-05
      ],
      [
        -3.5088075777496195e-06,
        -0.00012158353950172939,
        -1.6425242173370383e-05,
        -1.7340309767550264e-05,
        0.00013455999999999999
      ]
    ]
  }
}