{
  "experiment_id": "f5e695f2",
  "timestamp": "2025-08-12T01:04:16.818999",
  "parameters": {
    "num_assets": 5,
    "num_portfolios": 100,
    "ansatz_reps": 3,
    "risk_aversion": 0.5,
    "random_seed": 123
  },
  "tickers": [
    "V",
    "C",
    "BAC",
    "ADBE",
    "PEP"
  ],
  "quantum": {
    "return": 0.49559999999999993,
    "risk": 2.084182388119468,
    "sharpe_ratio": 0.23299304454738765,
    "var": -2.9325749603266873,
    "cvar": -3.803469705155442,
    "max_drawdown": 5.2104559702986695,
    "optimal_value": null,
    "optimiser_evals": 0,
    "optimiser_time": 2.3661282062530518,
    "circuit_metrics": {
      "depth": 16,
      "num_parameters": 20,
      "gate_counts": {
        "ry": 20,
        "cz": 12,
        "barrier": 6
      }
    },
    "state_metrics": {
      "max_prob_state": 0.9799421577573867,
      "entropy": 0.13781080931455442,
      "num_significant_states": 1
    },
    "weights": [
      0.0047789725209080045,
      0.9775388291517324,
      0.005495818399044205,
      0.0047789725209080045,
      0.007407407407407408
    ]
  },
  "classical": {
    "monte_carlo": {
      "return": 0.3995543184943076,
      "risk": 1.5048613669190951,
      "sharpe_ratio": 0.25886392398513275,
      "var": -2.0757223589417158,
      "cvar": -2.7045424965728437,
      "max_drawdown": 3.762153417297738
    },
    "mean_variance": {
      "return": 0.1712963791709375,
      "risk": 0.2248874321837017,
      "sharpe_ratio": 0.7172316283071828,
      "var": -0.19861052931222742,
      "cvar": -0.2925818074418419,
      "max_drawdown": 0.5622185804592542
    }
  },
  "data_stats": {
    "mean_returns": [
      0.0007,
      0.002,
      0.0004,
      0.0008,
      0.0003
    ],
    "return_stds": [
      0.022,
      0.1343,
      0.0305,
      0.0215,
      0.0116
    ],
    "cov_matrix": [
      [
        0.00048399999999999995,
        -0.00025771871216156294,
        -8.65530677463559e-05,
        4.105311380623812e-05,
        2.7092281713471843e-05
      ],
      [
        -0.00025771871216156294,
        0.018036490000000002,
        0.0005085936877816589,
        -0.000291554230188307,
        0.00011289145278066298
      ],
      [
        -8.65530677463559e-05,
        0.0005085936877816589,
        0.00093025,
        -0.00015046911906136718,
        1.3002105441479814e-05
      ],
      [
        4.105311380623812e-05,
        -0.000291554230188307,
        -0.00015046911906136718,
        0.00046224999999999993,
        1.0688119135484266e-05
      ],
      [
        2.7092281713471843e-05,
        0.00011289145278066298,
        1.3002105441479814e-05,
        1.0688119135484266e-05,
        0.00013455999999999999
      ]
    ]
  }
}