{
  "experiment_id": "fd0b7b04",
  "timestamp": "2025-08-12T00:51:50.940469",
  "parameters": {
    "num_assets": 4,
    "num_portfolios": 250,
    "ansatz_reps": 3,
    "risk_aversion": 0.5,
    "random_seed": 45
  },
  "tickers": [
    "V",
    "C",
    "BAC",
    "ADBE"
  ],
  "quantum": {
    "return": 0.4530248293515358,
    "risk": 1.8559380362576885,
    "sharpe_ratio": 0.23870669208593331,
    "var": -2.599721580984115,
    "cvar": -3.3752423279773818,
    "max_drawdown": 4.639845090644221,
    "optimal_value": null,
    "optimiser_evals": 0,
    "optimiser_time": 1.2066857814788818,
    "circuit_metrics": {
      "depth": 13,
      "num_parameters": 16,
      "gate_counts": {
        "ry": 16,
        "cz": 9,
        "barrier": 6
      }
    },
    "state_metrics": {
      "max_prob_state": 0.8526438484313987,
      "entropy": 0.43942495836877365,
      "num_significant_states": 2
    },
    "weights": [
      0.0006399317406143345,
      0.8728668941979523,
      0.12414675767918089,
      0.00234641638225256
    ]
  },
  "classical": {
    "monte_carlo": {
      "return": 0.417961138696955,
      "risk": 1.5912498584072323,
      "sharpe_ratio": 0.2563778004701947,
      "var": -2.1994119622901973,
      "cvar": -2.8643303241840234,
      "max_drawdown": 3.978124646018081
    },
    "mean_variance": {
      "return": 0.19352250729979265,
      "risk": 0.2621702287039973,
      "sharpe_ratio": 0.7000127673039425,
      "var": -0.23770914426267425,
      "cvar": -0.347259381195094,
      "max_drawdown": 0.6554255717599933
    }
  },
  "data_stats": {
    "mean_returns": [
      0.0007,
      0.002,
      0.0004,
      0.0008
    ],
    "return_stds": [
      0.022,
      0.1343,
      0.0305,
      0.0215
    ],
    "cov_matrix": [
      [
        0.00048399999999999995,
        -5.305673179885455e-06,
        -0.00012130377989190961,
        9.65079649376644e-06
      ],
      [
        -5.305673179885455e-06,
        0.018036490000000002,
        -0.00039825184946319815,
        -0.000317323366062759
      ],
      [
        -0.00012130377989190961,
        -0.00039825184946319815,
        0.00093025,
        5.2800381068237304e-05
      ],
      [
        9.65079649376644e-06,
        -0.000317323366062759,
        5.2800381068237304e-05,
        0.00046224999999999993
      ]
    ]
  }
}